/*
 Navicat Premium Data Transfer

 Source Server         : 本机
 Source Server Type    : MySQL
 Source Server Version : 50710
 Source Host           : localhost:3306
 Source Schema         : db_readingbook

 Target Server Type    : MySQL
 Target Server Version : 50710
 File Encoding         : 65001

 Date: 22/11/2018 12:46:16
*/

SET NAMES utf8mb4;
SET FOREIGN_KEY_CHECKS = 0;

-- ----------------------------
-- Table structure for t_book
-- ----------------------------
DROP TABLE IF EXISTS `t_book`;
CREATE TABLE `t_book` (
  `id` int(11) NOT NULL AUTO_INCREMENT,
  `name` varchar(200) DEFAULT NULL,
  `simpleName` varchar(200) DEFAULT NULL,
  `description` varchar(2000) DEFAULT NULL,
  `bookType_id` int(11) DEFAULT NULL,
  `registTime` timestamp NULL DEFAULT NULL ON UPDATE CURRENT_TIMESTAMP,
  `updateTime` timestamp NULL DEFAULT NULL,
  `checkTime` timestamp NULL DEFAULT NULL,
  `checkFlag` char(1) DEFAULT '0',
  `checkFail` varchar(200) DEFAULT NULL,
  `headImg` varchar(200) DEFAULT NULL,
  `flag` char(1) DEFAULT '1',
  `author_id` int(11) DEFAULT NULL,
  `recommend` int(11) DEFAULT '0',
  `readCounts` int(11) DEFAULT '0',
  PRIMARY KEY (`id`),
  KEY `user_fk` (`author_id`),
  KEY `bookType_fk` (`bookType_id`)
) ENGINE=InnoDB AUTO_INCREMENT=6 DEFAULT CHARSET=utf8;

-- ----------------------------
-- Records of t_book
-- ----------------------------
BEGIN;
INSERT INTO `t_book` VALUES (1, '打开你的任务日志', '任务日志', '魔兽践踏，巨龙咆哮，巫师诅咒，魔法璀璨之光照耀知识灯塔！', 8, '2018-11-22 12:45:10', NULL, '2018-03-23 14:35:12', '1', NULL, '/files/1521703621903.png', '1', 1, 1, 9);
INSERT INTO `t_book` VALUES (2, '英雄联盟之天王时代', 'LOL', '肆意挥洒激情的游戏人生，打破现实框架的无尽幻想！', 8, '2018-11-22 12:44:58', NULL, '2018-03-23 14:11:51', '1', NULL, '/files/1521704081204.png', '1', 2, 0, 6);
INSERT INTO `t_book` VALUES (3, '冷教授的舞美人', '舞美人', '重生花样年华，玩转市井豪门，携手逆袭人生，共揽一世风云！', 8, '2018-05-25 21:46:54', NULL, NULL, '0', NULL, '/files/1521704058602.png', '1', 2, 0, 5);
INSERT INTO `t_book` VALUES (4, '完美世界', '完美世界', '一粒尘可填海，一根草斩尽日月星辰，弹指间天翻地覆。 群雄并起，万族林立，诸圣争霸，乱天动地。问苍茫大地，谁主沉浮？！ 一个少年从大荒中走出，一切从这里开始…… ', 9, '2018-05-25 21:47:09', NULL, NULL, '0', NULL, '/files/1521793371895.png', '1', 1, 0, 53);
INSERT INTO `t_book` VALUES (5, '若只如初见', '若只如初见', '若只如初见', 10, '2018-11-22 12:45:17', NULL, NULL, '0', NULL, '', '1', 27, 0, 7);
COMMIT;

-- ----------------------------
-- Table structure for t_bookshelf
-- ----------------------------
DROP TABLE IF EXISTS `t_bookshelf`;
CREATE TABLE `t_bookshelf` (
  `id` int(11) NOT NULL AUTO_INCREMENT,
  `book_id` int(11) DEFAULT NULL,
  `user_id` int(11) DEFAULT NULL,
  `flag` int(1) DEFAULT '1',
  `createTime` timestamp NULL DEFAULT NULL ON UPDATE CURRENT_TIMESTAMP,
  PRIMARY KEY (`id`)
) ENGINE=InnoDB AUTO_INCREMENT=7 DEFAULT CHARSET=utf8;

-- ----------------------------
-- Records of t_bookshelf
-- ----------------------------
BEGIN;
INSERT INTO `t_bookshelf` VALUES (1, 4, 1, 1, '2018-03-24 12:19:22');
INSERT INTO `t_bookshelf` VALUES (2, 2, 25, 1, '2018-03-24 21:34:07');
INSERT INTO `t_bookshelf` VALUES (3, 2, 25, 1, '2018-03-24 21:34:45');
INSERT INTO `t_bookshelf` VALUES (4, 1, 27, 1, '2018-04-12 19:46:57');
INSERT INTO `t_bookshelf` VALUES (5, 3, 27, 1, '2018-04-12 19:47:25');
INSERT INTO `t_bookshelf` VALUES (6, 1, 28, 1, '2018-04-12 20:04:18');
COMMIT;

-- ----------------------------
-- Table structure for t_booktype
-- ----------------------------
DROP TABLE IF EXISTS `t_booktype`;
CREATE TABLE `t_booktype` (
  `id` int(11) NOT NULL AUTO_INCREMENT,
  `name` varchar(40) DEFAULT NULL,
  `bookCounts` int(40) DEFAULT '0',
  `headImg` varchar(200) DEFAULT NULL,
  `flag` varchar(40) DEFAULT '1',
  `orderNo` int(40) DEFAULT '100',
  `registTime` timestamp NULL DEFAULT NULL ON UPDATE CURRENT_TIMESTAMP,
  PRIMARY KEY (`id`)
) ENGINE=InnoDB AUTO_INCREMENT=22 DEFAULT CHARSET=utf8;

-- ----------------------------
-- Records of t_booktype
-- ----------------------------
BEGIN;
INSERT INTO `t_booktype` VALUES (1, '小说', 0, NULL, '0', 100, '2018-03-20 15:01:04');
INSERT INTO `t_booktype` VALUES (2, '自传', 0, NULL, '0', 100, '2018-03-20 15:11:44');
INSERT INTO `t_booktype` VALUES (3, '传记', 0, NULL, '0', 100, '2018-03-20 15:04:46');
INSERT INTO `t_booktype` VALUES (4, '教育', 0, NULL, '0', 100, '2018-03-20 15:12:00');
INSERT INTO `t_booktype` VALUES (5, '历史', 0, NULL, '0', 100, '2018-03-20 15:18:28');
INSERT INTO `t_booktype` VALUES (6, '99', 22, '/files/1521531807286.png', '0', 1, '2018-03-23 15:55:13');
INSERT INTO `t_booktype` VALUES (7, '教育', 0, '/files/1521531752782.png', '0', 1222, '2018-03-23 15:55:17');
INSERT INTO `t_booktype` VALUES (8, '科技', 0, '/files/1521531786262.png', '0', 3, '2018-03-23 15:55:15');
INSERT INTO `t_booktype` VALUES (9, '玄幻', 0, '/files/1521792129404.png', '1', 1, '2018-03-23 16:02:13');
INSERT INTO `t_booktype` VALUES (10, '都市', 1, '/files/1521792444727.png', '1', 2, '2018-04-12 20:09:28');
INSERT INTO `t_booktype` VALUES (11, '仙侠', 0, '/files/1521792167060.png', '1', 3, '2018-03-23 16:02:49');
INSERT INTO `t_booktype` VALUES (12, '科幻', 0, '/files/1521792460347.png', '1', 4, '2018-03-23 16:07:43');
INSERT INTO `t_booktype` VALUES (13, '游戏', 0, '/files/1521792478687.png', '1', 5, '2018-03-23 16:08:01');
INSERT INTO `t_booktype` VALUES (14, '历史', 0, '/files/1521792492488.png', '1', 6, '2018-03-23 16:08:15');
INSERT INTO `t_booktype` VALUES (15, '现实', 0, '/files/1521792512952.png', '1', 7, '2018-03-23 16:08:35');
INSERT INTO `t_booktype` VALUES (16, '军事', 0, '/files/1521792527041.png', '1', 8, '2018-03-23 16:08:49');
INSERT INTO `t_booktype` VALUES (17, '体育', 0, '/files/1521792548225.png', '1', 9, '2018-03-23 16:09:11');
INSERT INTO `t_booktype` VALUES (18, '灵异', 0, '/files/1521792564176.png', '1', 10, '2018-03-23 16:09:26');
INSERT INTO `t_booktype` VALUES (19, '二次元', 0, '/files/1521792597886.png', '1', 11, '2018-03-23 16:10:01');
INSERT INTO `t_booktype` VALUES (20, '奇幻', 0, '/files/1521792222984.png', '1', 12, '2018-03-23 16:03:46');
INSERT INTO `t_booktype` VALUES (21, '武侠', 0, '/files/1521792264721.png', '1', 13, '2018-03-23 16:04:27');
COMMIT;

-- ----------------------------
-- Table structure for t_censor
-- ----------------------------
DROP TABLE IF EXISTS `t_censor`;
CREATE TABLE `t_censor` (
  `id` int(11) NOT NULL AUTO_INCREMENT,
  `word` varchar(255) NOT NULL,
  `flag` varchar(255) NOT NULL DEFAULT '1',
  `registTime` datetime NOT NULL ON UPDATE CURRENT_TIMESTAMP,
  PRIMARY KEY (`id`)
) ENGINE=InnoDB AUTO_INCREMENT=4 DEFAULT CHARSET=utf8;

-- ----------------------------
-- Records of t_censor
-- ----------------------------
BEGIN;
INSERT INTO `t_censor` VALUES (1, '美丽空姐', '1', '2018-05-24 21:54:30');
INSERT INTO `t_censor` VALUES (2, '性感美女', '1', '2018-05-24 21:54:47');
INSERT INTO `t_censor` VALUES (3, '赤裸', '1', '2018-05-24 21:55:00');
COMMIT;

-- ----------------------------
-- Table structure for t_chapter
-- ----------------------------
DROP TABLE IF EXISTS `t_chapter`;
CREATE TABLE `t_chapter` (
  `id` int(11) NOT NULL AUTO_INCREMENT,
  `book_id` int(11) DEFAULT NULL,
  `title` varchar(200) DEFAULT NULL,
  `orderNo` int(11) DEFAULT NULL,
  `content` blob,
  `registTime` timestamp NULL DEFAULT NULL ON UPDATE CURRENT_TIMESTAMP,
  `updateTime` timestamp NULL DEFAULT NULL,
  `flag` char(1) DEFAULT '1',
  `readCounts` int(11) DEFAULT '0',
  PRIMARY KEY (`id`),
  KEY `book_fk` (`book_id`)
) ENGINE=InnoDB AUTO_INCREMENT=15 DEFAULT CHARSET=utf8;

-- ----------------------------
-- Records of t_chapter
-- ----------------------------
BEGIN;
INSERT INTO `t_chapter` VALUES (9, 4, '序章 大荒', 1, 0x3C70207374796C653D22636F6C6F723A20233437333632343B20666F6E742D66616D696C793A20E5AE8BE4BD932C20E4BBBFE5AE8B5F4742323331322C20E5AE8BE4BD933B20666F6E742D73697A653A20323070783B20666F6E742D7765696768743A20626F6C643B206261636B67726F756E642D636F6C6F723A20236663663264373B223EE5A49CE5B7B2E6B7B1EFBC8CE6BC86E9BB91E4B880E78987EFBC8CE699AFE789A9E4B88DE58FAFE8A781E38082E4BD86E5B1B1E4B8ADE5B9B6E4B88DE5AE81E99D99EFBC8CE78C9BE585BDE59286E593AEEFBC8CE99C87E58AA8E5B1B1E6B2B3EFBC8CE4B887E69CA8E69187E9A2A4EFBC8CE4B9B1E58FB6E7B08CE7B08CE59DA0E890BDE380823C2F703E0D0A3C70207374796C653D22636F6C6F723A20233437333632343B20666F6E742D66616D696C793A20E5AE8BE4BD932C20E4BBBFE5AE8B5F4742323331322C20E5AE8BE4BD933B20666F6E742D73697A653A20323070783B20666F6E742D7765696768743A20626F6C643B206261636B67726F756E642D636F6C6F723A20236663663264373B223EE7BEA4E5B1B1E4B887E5A391E997B4EFBC8CE6B4AAE88D92E78C9BE585BDE6A8AAE8A18CEFBC8CE5A4AAE58FA4E98197E7A78DE587BAE6B2A1EFBC8CE59084E7A78DE58FAFE68095E79A84E5A3B0E99FB3E59CA8E9BB91E69A97E4B8ADE6ADA4E8B5B7E5BDBCE4BC8FEFBC8CE79BB4E6ACB2E8A382E5BC80E8BF99E5A4A9E59CB0E380823C2F703E0D0A3C70207374796C653D22636F6C6F723A20233437333632343B20666F6E742D66616D696C793A20E5AE8BE4BD932C20E4BBBFE5AE8B5F4742323331322C20E5AE8BE4BD933B20666F6E742D73697A653A20323070783B20666F6E742D7765696768743A20626F6C643B206261636B67726F756E642D636F6C6F723A20236663663264373B223EE5B1B1E88489E4B8ADEFBC8CE8BF9CE8BF9CE69C9BE58EBBE69C89E4B880E59BA2E69F94E5928CE79A84E58589E99A90E78EB0EFBC8CE59CA8E8BF99E9BB91E69A97E697A0E5B0BDE79A84E5A49CE5B995E4B88BE4B88EE4B887E5B1B1E997B4E78AB9E5A682E4B880E782B9E7839BE781ABE59CA8E69187E69BB3EFBC8CE99A8FE697B6E4BC9AE78684E781ADE380823C2F703E0D0A3C70207374796C653D22636F6C6F723A20233437333632343B20666F6E742D66616D696C793A20E5AE8BE4BD932C20E4BBBFE5AE8B5F4742323331322C20E5AE8BE4BD933B20666F6E742D73697A653A20323070783B20666F6E742D7765696768743A20626F6C643B206261636B67726F756E642D636F6C6F723A20236663663264373B223EE6B890E6B890E68EA5E8BF91EFBC8CE58FAFE4BBA5E79C8BE6B885E982A3E9878CE69C89E58D8AE688AAE5B7A8E5A4A7E79A84E69EAFE69CA8EFBC8CE6A091E5B9B2E79BB4E5BE84E8B6B3E69C89E58D81E587A0E7B1B3EFBC8CE9809AE4BD93E784A6E9BB91E38082E999A4E58DB4E58D8AE688AAE4B8BBE5B9B2E5A496EFBC8CE5AE83E58FAAE589A9E4B88BE4BA86E4B880E69DA1E69F94E5BCB1E79A84E69E9DE69DA1EFBC8CE4BD86E58DB4E59CA8E695A3E58F91E79D80E7949FE69CBAEFBC8CE69E9DE58FB6E699B6E88EB9E5A682E7BBBFE78E89E588BBE68890EFBC8CE782B9E782B9E69F94E5928CE79A84E58589E689A9E695A3EFBC8CE5B086E4B880E4B8AAE69D91E5AD90E7ACBCE7BDA9E380823C2F703E0D0A3C70207374796C653D22636F6C6F723A20233437333632343B20666F6E742D66616D696C793A20E5AE8BE4BD932C20E4BBBFE5AE8B5F4742323331322C20E5AE8BE4BD933B20666F6E742D73697A653A20323070783B20666F6E742D7765696768743A20626F6C643B206261636B67726F756E642D636F6C6F723A20236663663264373B223EE7A1AEE58887E79A84E8AFB4EFBC8CE8BF99E698AFE4B880E6A0AAE99BB7E587BBE69CA8EFBC8CE59CA8E5BE88E5A49AE5B9B4E5898DE69BBEE7BB8FE981ADE98187E8BF87E9809AE5A4A9E79A84E997AAE794B5EFBC8CE88081E69FB3E6A091E5B7A8E5A4A7E79A84E6A091E586A0E4B88EE697BAE79B9BE79A84E7949FE69CBAE8A2ABE691A7E6AF81E4BA86E38082E5A682E4BB8AE59CB0E8A1A8E4B88AE58FAAE589A9E4B88B2A2AE7B1B3E9AB98E79A84E4B880E6AEB5E6A091E6A1A9EFBC8CE7B297E79A84E6838AE4BABAEFBC8CE8808CE982A3E4BB85E69C89E79A84E4B880E69DA1E69FB3E69E9DE5A682E7BBBFE99C9EE7A59EE993BEE888ACEFBC8CE58589E69995E5BCA5E6BCABEFBC8CE7ACBCE7BDA9E4B88EE5AE88E68AA4E4BD8FE4BA86E695B4E4B8AAE69D91E5AD90EFBC8CE4BBA4E8BF99E78987E6A096E5B185E59CB0E69CA6E69CA6E883A7E883A7EFBC8CE78AB9E88BA5E4B880E78987E4BB99E4B9A1EFBC8CE59CA8E8BF99E5A4A7E88D92E4B8ADE698BEE5BE97E5BE88E7A59EE7A798E380823C2F703E0D0A3C70207374796C653D22636F6C6F723A20233437333632343B20666F6E742D66616D696C793A20E5AE8BE4BD932C20E4BBBFE5AE8B5F4742323331322C20E5AE8BE4BD933B20666F6E742D73697A653A20323070783B20666F6E742D7765696768743A20626F6C643B206261636B67726F756E642D636F6C6F723A20236663663264373B223EE69D91E4B8ADE59084E688B7E983BDE698AFE79FB3E5B18BEFBC8CE5A49CE6B7B1E4BABAE99D99EFBC8CE8BF99E9878CE7A5A5E5928CE8808CE5AE89E8B0A7EFBC8CE5838FE698AFE4B88EE5A496E7958CE79A84E9BB91E69A97E8BF98E69C89E585BDE590BCE99A94E7BB9DE4BA86E380823C2F703E0D0A3C70207374796C653D22636F6C6F723A20233437333632343B20666F6E742D66616D696C793A20E5AE8BE4BD932C20E4BBBFE5AE8B5F4742323331322C20E5AE8BE4BD933B20666F6E742D73697A653A20323070783B20666F6E742D7765696768743A20626F6C643B206261636B67726F756E642D636F6C6F723A20236663663264373B223E266C6471756F3BE5919C2668656C6C69703B2668656C6C69703B26726471756F3B3C2F703E0D0A3C70207374796C653D22636F6C6F723A20233437333632343B20666F6E742D66616D696C793A20E5AE8BE4BD932C20E4BBBFE5AE8B5F4742323331322C20E5AE8BE4BD933B20666F6E742D73697A653A20323070783B20666F6E742D7765696768743A20626F6C643B206261636B67726F756E642D636F6C6F723A20236663663264373B223EE4B880E998B5E78B82E9A38EE590B9E8BF87EFBC8CE4B880E78987E5B7A8E5A4A7E79A84E4B98CE4BA91E6A8AAE7A9BAEFBC8CE981AEE4BD8FE4BA86E695B4E78987E5A49CE7A9BAEFBC8CE68CA1E4BD8FE4BA86E982A3E4BB85E69C89E79A84E4B880E782B9E6989FE58D8EEFBC8CE5B1B1E88489E4B8ADE69BB4E58AA0E9BB91E69A97E4BA86E380823C2F703E0D0A3C70207374796C653D22636F6C6F723A20233437333632343B20666F6E742D66616D696C793A20E5AE8BE4BD932C20E4BBBFE5AE8B5F4742323331322C20E5AE8BE4BD933B20666F6E742D73697A653A20323070783B20666F6E742D7765696768743A20626F6C643B206261636B67726F756E642D636F6C6F723A20236663663264373B223EE4B880E5A3B0E587B6E688BEE79A84E7A6BDE9B8A3E887AAE9AB98E5A4A9E4BCA0E69DA5EFBC8CE7A9BFE98791E8A382E79FB3EFBC8CE7AB9FE6BA90E887AAE982A3E78987E4B98CE4BA91EFBC8CE7BB86E79C8BE5AE83E5B185E784B6E698AFE4B880E58FAAE5BA9EE5A4A7E588B0E4B88DE58FAFE6809DE8AEAEE79A84E5B7A8E9B89FEFBC8CE981AEE5A4A9E894BDE69C88EFBC8CE995BFE4B99FE4B88DE79FA5E5A49AE5B091E9878CE380823C2F703E0D0A3C70207374796C653D22636F6C6F723A20233437333632343B20666F6E742D66616D696C793A20E5AE8BE4BD932C20E4BBBFE5AE8B5F4742323331322C20E5AE8BE4BD933B20666F6E742D73697A653A20323070783B20666F6E742D7765696768743A20626F6C643B206261636B67726F756E642D636F6C6F723A20236663663264373B223EE8B7AFE8BF87E79FB3E69D91EFBC8CE5AE83E4BFAFE8A786E4B88BE696B9EFBC8CE4B8A4E58FAAE79CBCE79D9BE5AE9BE88BA5E4B8A4E8BDAEE8A180E69C88E888ACEFBC8CE587B6E6B094E6BB94E5A4A9EFBC8CE79BAFE79D80E88081E69FB3E69CA8E79C8BE4BA86E78987E588BBEFBC8CE69C80E7BB88E9A39EE59091E4BA86E5B1B1E88489E69C80E6B7B1E5A484E380823C2F703E0D0A3C70207374796C653D22636F6C6F723A20233437333632343B20666F6E742D66616D696C793A20E5AE8BE4BD932C20E4BBBFE5AE8B5F4742323331322C20E5AE8BE4BD933B20666F6E742D73697A653A20323070783B20666F6E742D7765696768743A20626F6C643B206261636B67726F756E642D636F6C6F723A20236663663264373B223EE5B9B3E99D99E4BA86E5BE88E995BFE4B880E6AEB5E697B6E997B4EFBC8CE79BB4E588B0E5908EE58D8AE5A49CEFBC8CE5A4A7E59CB0E9A2A4E58AA8E4BA86E8B5B7E69DA5EFBC8CE4B880E69DA1E6A8A1E7B38AE79A84E8BAABE5BDB1E4BB8EE8BF9CE696B9E8B5B0E69DA5EFBC8CE7AB9FE4B88EE7BEA4E5B1B1E9BD90E9AB98EFBC813C2F703E0D0A3C70207374796C653D22636F6C6F723A20233437333632343B20666F6E742D66616D696C793A20E5AE8BE4BD932C20E4BBBFE5AE8B5F4742323331322C20E5AE8BE4BD933B20666F6E742D73697A653A20323070783B20666F6E742D7765696768743A20626F6C643B206261636B67726F756E642D636F6C6F723A20236663663264373B223EE88EABE5908DE6B094E681AFE695A3E58F91EFBC8CE7BEA4E5B1B1E4B887E5A391E6ADBBE4B880E888ACE79A84E5AF82E99D99EFBC8CE587B6E7A6BDE78C9BE585BDE79A86E89BB0E4BC8FEFBC8CE4B88DE695A2E58F91E587BAE4B880E782B9E5A3B0E99FB3E380823C2F703E0D0A3C70207374796C653D22636F6C6F723A20233437333632343B20666F6E742D66616D696C793A20E5AE8BE4BD932C20E4BBBFE5AE8B5F4742323331322C20E5AE8BE4BD933B20666F6E742D73697A653A20323070783B20666F6E742D7765696768743A20626F6C643B206261636B67726F756E642D636F6C6F723A20236663663264373B223EE8BF91E4BA86EFBC8CE8BF99E698AFE4B880E4B8AAE68BA5E69C89E4BABAE5BDA2E79A84E7949FE789A9EFBC8CE79BB4E7AB8BE8A18CE8B5B0EFBC8CE5BA9EE5A4A7E79A84E6838AE4BABAEFBC8CE8BAABE9AB98E6AF94E882A9E5B1B1E5B2B3EFBC8CE6B591E8BAABE6B2A1E69C89E6AF9BE58F91EFBC8CE9809AE4BD93E5AF86E5B883E79D80E98791E889B2E79A84E9B39EE78987EFBC8CE786A0E786A0E7949FE8BE89E38082E99DA2E983A8E5BE88E5B9B3EFBC8CE58FAAE69C89E4B880E58FAAE7AB96E79CBCEFBC8CE5BC80E59088E997B4E5838FE698AFE4B880E98193E98791E889B2E79A84E997AAE794B5E58892E8BF87EFBC8CE78A80E588A9E68591E4BABAE38082E695B4E4BD93E8A180E6B094E5A682E6B5B7EFBC8CE5AE9BE5A682E4B880E5B08AE7A59EE9AD94EFBC813C2F703E0D0A3C70207374796C653D22636F6C6F723A20233437333632343B20666F6E742D66616D696C793A20E5AE8BE4BD932C20E4BBBFE5AE8B5F4742323331322C20E5AE8BE4BD933B20666F6E742D73697A653A20323070783B20666F6E742D7765696768743A20626F6C643B206261636B67726F756E642D636F6C6F723A20236663663264373B223EE5AE83E8B7AFE8BF87E6ADA4E59CB0EFBC8CE79C8BE4BA86E4B880E79CBCE88081E69FB3E69CA8EFBC8CE7A88DE4BD9CE5819CE79599E5908EEFBC8CE4BCBCE4B98EE680A5E4BA8EE8B5B6E8B7AFEFBC8CE69C80E7BB88E5BFABE9809FE8BF9CE58EBBEFBC8CE8AEB8E5A49AE5B1B1E5B3B0E8A2ABE585B6E8849AE6ADA5E99C87E79A84E8BDB0E9B8A3EFBC8CE5B1B1E59CB0E589A7E78388E9A2A4E68A96E380823C2F703E0D0A3C70207374796C653D22636F6C6F723A20233437333632343B20666F6E742D66616D696C793A20E5AE8BE4BD932C20E4BBBFE5AE8B5F4742323331322C20E5AE8BE4BD933B20666F6E742D73697A653A20323070783B20666F6E742D7765696768743A20626F6C643B206261636B67726F756E642D636F6C6F723A20236663663264373B223EE9BB8EE6988EEFBC8CE4B880E69DA1E58D81E7B1B3E995BFE38081E6B0B4E6A1B6E7B297E38081E993B6E58589E781BFE781BFE79A84E89C88E89AA3E59CA8E5B1B1E4B8ADE89CBFE89C92E8808CE8A18CEFBC8CE5838FE698AFE799BDE993B6E6B587E993B8E8808CE68890EFBC8CE6AF8FE4B880E88A82E983BDE99483E4BAAEE8808CE78BB0E78B9EEFBC8CE58892E8BF87E5B1B1E79FB3E697B6E993BFE994B5E4BD9CE5938DEFBC8CE781ABE6989FE9A39EE6BA85E38082E4BD86E69C80E7BB88E5AE83E58DB4E981BFE8BF87E4BA86E79FB3E69D91EFBC8CE6B2A1E69C89E4BEB5E585A5EFBC8CE68980E8BF87E4B98BE5A484E9BB91E99BBEE7BFBBE885BEEFBC8CE4B887E585BDE981BFE98080E380823C2F703E0D0A3C70207374796C653D22636F6C6F723A20233437333632343B20666F6E742D66616D696C793A20E5AE8BE4BD932C20E4BBBFE5AE8B5F4742323331322C20E5AE8BE4BD933B20666F6E742D73697A653A20323070783B20666F6E742D7765696768743A20626F6C643B206261636B67726F756E642D636F6C6F723A20236663663264373B223EE4B880E6A0B9E695A3E58F91E79D80E88EB9E88EB9E7BBBFE99C9EE79A84E69F94E5BCB1E69FB3E69DA1E59CA8E9A38EE4B8ADE8BDBBE8BDBBE69187E69BB32668656C6C69703B2668656C6C69703B3C2F703E, '2018-05-25 21:47:09', NULL, '1', 17);
INSERT INTO `t_chapter` VALUES (10, 4, '序章 大荒', 1, 0x3C70207374796C653D22636F6C6F723A20233437333632343B20666F6E742D66616D696C793A20E5AE8BE4BD932C20E4BBBFE5AE8B5F4742323331322C20E5AE8BE4BD933B20666F6E742D73697A653A20323070783B20666F6E742D7765696768743A20626F6C643B206261636B67726F756E642D636F6C6F723A20236663663264373B223EE5A49CE5B7B2E6B7B1EFBC8CE6BC86E9BB91E4B880E78987EFBC8CE699AFE789A9E4B88DE58FAFE8A781E38082E4BD86E5B1B1E4B8ADE5B9B6E4B88DE5AE81E99D99EFBC8CE78C9BE585BDE59286E593AEEFBC8CE99C87E58AA8E5B1B1E6B2B3EFBC8CE4B887E69CA8E69187E9A2A4EFBC8CE4B9B1E58FB6E7B08CE7B08CE59DA0E890BDE380823C2F703E0D0A3C70207374796C653D22636F6C6F723A20233437333632343B20666F6E742D66616D696C793A20E5AE8BE4BD932C20E4BBBFE5AE8B5F4742323331322C20E5AE8BE4BD933B20666F6E742D73697A653A20323070783B20666F6E742D7765696768743A20626F6C643B206261636B67726F756E642D636F6C6F723A20236663663264373B223EE7BEA4E5B1B1E4B887E5A391E997B4EFBC8CE6B4AAE88D92E78C9BE585BDE6A8AAE8A18CEFBC8CE5A4AAE58FA4E98197E7A78DE587BAE6B2A1EFBC8CE59084E7A78DE58FAFE68095E79A84E5A3B0E99FB3E59CA8E9BB91E69A97E4B8ADE6ADA4E8B5B7E5BDBCE4BC8FEFBC8CE79BB4E6ACB2E8A382E5BC80E8BF99E5A4A9E59CB0E380823C2F703E0D0A3C70207374796C653D22636F6C6F723A20233437333632343B20666F6E742D66616D696C793A20E5AE8BE4BD932C20E4BBBFE5AE8B5F4742323331322C20E5AE8BE4BD933B20666F6E742D73697A653A20323070783B20666F6E742D7765696768743A20626F6C643B206261636B67726F756E642D636F6C6F723A20236663663264373B223EE5B1B1E88489E4B8ADEFBC8CE8BF9CE8BF9CE69C9BE58EBBE69C89E4B880E59BA2E69F94E5928CE79A84E58589E99A90E78EB0EFBC8CE59CA8E8BF99E9BB91E69A97E697A0E5B0BDE79A84E5A49CE5B995E4B88BE4B88EE4B887E5B1B1E997B4E78AB9E5A682E4B880E782B9E7839BE781ABE59CA8E69187E69BB3EFBC8CE99A8FE697B6E4BC9AE78684E781ADE380823C2F703E0D0A3C70207374796C653D22636F6C6F723A20233437333632343B20666F6E742D66616D696C793A20E5AE8BE4BD932C20E4BBBFE5AE8B5F4742323331322C20E5AE8BE4BD933B20666F6E742D73697A653A20323070783B20666F6E742D7765696768743A20626F6C643B206261636B67726F756E642D636F6C6F723A20236663663264373B223EE6B890E6B890E68EA5E8BF91EFBC8CE58FAFE4BBA5E79C8BE6B885E982A3E9878CE69C89E58D8AE688AAE5B7A8E5A4A7E79A84E69EAFE69CA8EFBC8CE6A091E5B9B2E79BB4E5BE84E8B6B3E69C89E58D81E587A0E7B1B3EFBC8CE9809AE4BD93E784A6E9BB91E38082E999A4E58DB4E58D8AE688AAE4B8BBE5B9B2E5A496EFBC8CE5AE83E58FAAE589A9E4B88BE4BA86E4B880E69DA1E69F94E5BCB1E79A84E69E9DE69DA1EFBC8CE4BD86E58DB4E59CA8E695A3E58F91E79D80E7949FE69CBAEFBC8CE69E9DE58FB6E699B6E88EB9E5A682E7BBBFE78E89E588BBE68890EFBC8CE782B9E782B9E69F94E5928CE79A84E58589E689A9E695A3EFBC8CE5B086E4B880E4B8AAE69D91E5AD90E7ACBCE7BDA9E380823C2F703E0D0A3C70207374796C653D22636F6C6F723A20233437333632343B20666F6E742D66616D696C793A20E5AE8BE4BD932C20E4BBBFE5AE8B5F4742323331322C20E5AE8BE4BD933B20666F6E742D73697A653A20323070783B20666F6E742D7765696768743A20626F6C643B206261636B67726F756E642D636F6C6F723A20236663663264373B223EE7A1AEE58887E79A84E8AFB4EFBC8CE8BF99E698AFE4B880E6A0AAE99BB7E587BBE69CA8EFBC8CE59CA8E5BE88E5A49AE5B9B4E5898DE69BBEE7BB8FE981ADE98187E8BF87E9809AE5A4A9E79A84E997AAE794B5EFBC8CE88081E69FB3E6A091E5B7A8E5A4A7E79A84E6A091E586A0E4B88EE697BAE79B9BE79A84E7949FE69CBAE8A2ABE691A7E6AF81E4BA86E38082E5A682E4BB8AE59CB0E8A1A8E4B88AE58FAAE589A9E4B88B2A2AE7B1B3E9AB98E79A84E4B880E6AEB5E6A091E6A1A9EFBC8CE7B297E79A84E6838AE4BABAEFBC8CE8808CE982A3E4BB85E69C89E79A84E4B880E69DA1E69FB3E69E9DE5A682E7BBBFE99C9EE7A59EE993BEE888ACEFBC8CE58589E69995E5BCA5E6BCABEFBC8CE7ACBCE7BDA9E4B88EE5AE88E68AA4E4BD8FE4BA86E695B4E4B8AAE69D91E5AD90EFBC8CE4BBA4E8BF99E78987E6A096E5B185E59CB0E69CA6E69CA6E883A7E883A7EFBC8CE78AB9E88BA5E4B880E78987E4BB99E4B9A1EFBC8CE59CA8E8BF99E5A4A7E88D92E4B8ADE698BEE5BE97E5BE88E7A59EE7A798E380823C2F703E0D0A3C70207374796C653D22636F6C6F723A20233437333632343B20666F6E742D66616D696C793A20E5AE8BE4BD932C20E4BBBFE5AE8B5F4742323331322C20E5AE8BE4BD933B20666F6E742D73697A653A20323070783B20666F6E742D7765696768743A20626F6C643B206261636B67726F756E642D636F6C6F723A20236663663264373B223EE69D91E4B8ADE59084E688B7E983BDE698AFE79FB3E5B18BEFBC8CE5A49CE6B7B1E4BABAE99D99EFBC8CE8BF99E9878CE7A5A5E5928CE8808CE5AE89E8B0A7EFBC8CE5838FE698AFE4B88EE5A496E7958CE79A84E9BB91E69A97E8BF98E69C89E585BDE590BCE99A94E7BB9DE4BA86E380823C2F703E0D0A3C70207374796C653D22636F6C6F723A20233437333632343B20666F6E742D66616D696C793A20E5AE8BE4BD932C20E4BBBFE5AE8B5F4742323331322C20E5AE8BE4BD933B20666F6E742D73697A653A20323070783B20666F6E742D7765696768743A20626F6C643B206261636B67726F756E642D636F6C6F723A20236663663264373B223E266C6471756F3BE5919C2668656C6C69703B2668656C6C69703B26726471756F3B3C2F703E0D0A3C70207374796C653D22636F6C6F723A20233437333632343B20666F6E742D66616D696C793A20E5AE8BE4BD932C20E4BBBFE5AE8B5F4742323331322C20E5AE8BE4BD933B20666F6E742D73697A653A20323070783B20666F6E742D7765696768743A20626F6C643B206261636B67726F756E642D636F6C6F723A20236663663264373B223EE4B880E998B5E78B82E9A38EE590B9E8BF87EFBC8CE4B880E78987E5B7A8E5A4A7E79A84E4B98CE4BA91E6A8AAE7A9BAEFBC8CE981AEE4BD8FE4BA86E695B4E78987E5A49CE7A9BAEFBC8CE68CA1E4BD8FE4BA86E982A3E4BB85E69C89E79A84E4B880E782B9E6989FE58D8EEFBC8CE5B1B1E88489E4B8ADE69BB4E58AA0E9BB91E69A97E4BA86E380823C2F703E0D0A3C70207374796C653D22636F6C6F723A20233437333632343B20666F6E742D66616D696C793A20E5AE8BE4BD932C20E4BBBFE5AE8B5F4742323331322C20E5AE8BE4BD933B20666F6E742D73697A653A20323070783B20666F6E742D7765696768743A20626F6C643B206261636B67726F756E642D636F6C6F723A20236663663264373B223EE4B880E5A3B0E587B6E688BEE79A84E7A6BDE9B8A3E887AAE9AB98E5A4A9E4BCA0E69DA5EFBC8CE7A9BFE98791E8A382E79FB3EFBC8CE7AB9FE6BA90E887AAE982A3E78987E4B98CE4BA91EFBC8CE7BB86E79C8BE5AE83E5B185E784B6E698AFE4B880E58FAAE5BA9EE5A4A7E588B0E4B88DE58FAFE6809DE8AEAEE79A84E5B7A8E9B89FEFBC8CE981AEE5A4A9E894BDE69C88EFBC8CE995BFE4B99FE4B88DE79FA5E5A49AE5B091E9878CE380823C2F703E0D0A3C70207374796C653D22636F6C6F723A20233437333632343B20666F6E742D66616D696C793A20E5AE8BE4BD932C20E4BBBFE5AE8B5F4742323331322C20E5AE8BE4BD933B20666F6E742D73697A653A20323070783B20666F6E742D7765696768743A20626F6C643B206261636B67726F756E642D636F6C6F723A20236663663264373B223EE8B7AFE8BF87E79FB3E69D91EFBC8CE5AE83E4BFAFE8A786E4B88BE696B9EFBC8CE4B8A4E58FAAE79CBCE79D9BE5AE9BE88BA5E4B8A4E8BDAEE8A180E69C88E888ACEFBC8CE587B6E6B094E6BB94E5A4A9EFBC8CE79BAFE79D80E88081E69FB3E69CA8E79C8BE4BA86E78987E588BBEFBC8CE69C80E7BB88E9A39EE59091E4BA86E5B1B1E88489E69C80E6B7B1E5A484E380823C2F703E0D0A3C70207374796C653D22636F6C6F723A20233437333632343B20666F6E742D66616D696C793A20E5AE8BE4BD932C20E4BBBFE5AE8B5F4742323331322C20E5AE8BE4BD933B20666F6E742D73697A653A20323070783B20666F6E742D7765696768743A20626F6C643B206261636B67726F756E642D636F6C6F723A20236663663264373B223EE5B9B3E99D99E4BA86E5BE88E995BFE4B880E6AEB5E697B6E997B4EFBC8CE79BB4E588B0E5908EE58D8AE5A49CEFBC8CE5A4A7E59CB0E9A2A4E58AA8E4BA86E8B5B7E69DA5EFBC8CE4B880E69DA1E6A8A1E7B38AE79A84E8BAABE5BDB1E4BB8EE8BF9CE696B9E8B5B0E69DA5EFBC8CE7AB9FE4B88EE7BEA4E5B1B1E9BD90E9AB98EFBC813C2F703E0D0A3C70207374796C653D22636F6C6F723A20233437333632343B20666F6E742D66616D696C793A20E5AE8BE4BD932C20E4BBBFE5AE8B5F4742323331322C20E5AE8BE4BD933B20666F6E742D73697A653A20323070783B20666F6E742D7765696768743A20626F6C643B206261636B67726F756E642D636F6C6F723A20236663663264373B223E266E6273703B3C2F703E, '2018-03-23 16:25:30', NULL, '0', 0);
INSERT INTO `t_chapter` VALUES (11, 4, '序章 大荒', 1, 0x3C70207374796C653D22636F6C6F723A20233437333632343B20666F6E742D66616D696C793A20E5AE8BE4BD932C20E4BBBFE5AE8B5F4742323331322C20E5AE8BE4BD933B20666F6E742D73697A653A20323070783B20666F6E742D7765696768743A20626F6C643B206261636B67726F756E642D636F6C6F723A20236663663264373B223EE5A49CE5B7B2E6B7B1EFBC8CE6BC86E9BB91E4B880E78987EFBC8CE699AFE789A9E4B88DE58FAFE8A781E38082E4BD86E5B1B1E4B8ADE5B9B6E4B88DE5AE81E99D99EFBC8CE78C9BE585BDE59286E593AEEFBC8CE99C87E58AA8E5B1B1E6B2B3EFBC8CE4B887E69CA8E69187E9A2A4EFBC8CE4B9B1E58FB6E7B08CE7B08CE59DA0E890BDE380823C2F703E0D0A3C70207374796C653D22636F6C6F723A20233437333632343B20666F6E742D66616D696C793A20E5AE8BE4BD932C20E4BBBFE5AE8B5F4742323331322C20E5AE8BE4BD933B20666F6E742D73697A653A20323070783B20666F6E742D7765696768743A20626F6C643B206261636B67726F756E642D636F6C6F723A20236663663264373B223EE7BEA4E5B1B1E4B887E5A391E997B4EFBC8CE6B4AAE88D92E78C9BE585BDE6A8AAE8A18CEFBC8CE5A4AAE58FA4E98197E7A78DE587BAE6B2A1EFBC8CE59084E7A78DE58FAFE68095E79A84E5A3B0E99FB3E59CA8E9BB91E69A97E4B8ADE6ADA4E8B5B7E5BDBCE4BC8FEFBC8CE79BB4E6ACB2E8A382E5BC80E8BF99E5A4A9E59CB0E380823C2F703E0D0A3C70207374796C653D22636F6C6F723A20233437333632343B20666F6E742D66616D696C793A20E5AE8BE4BD932C20E4BBBFE5AE8B5F4742323331322C20E5AE8BE4BD933B20666F6E742D73697A653A20323070783B20666F6E742D7765696768743A20626F6C643B206261636B67726F756E642D636F6C6F723A20236663663264373B223EE5B1B1E88489E4B8ADEFBC8CE8BF9CE8BF9CE69C9BE58EBBE69C89E4B880E59BA2E69F94E5928CE79A84E58589E99A90E78EB0EFBC8CE59CA8E8BF99E9BB91E69A97E697A0E5B0BDE79A84E5A49CE5B995E4B88BE4B88EE4B887E5B1B1E997B4E78AB9E5A682E4B880E782B9E7839BE781ABE59CA8E69187E69BB3EFBC8CE99A8FE697B6E4BC9AE78684E781ADE380823C2F703E0D0A3C70207374796C653D22636F6C6F723A20233437333632343B20666F6E742D66616D696C793A20E5AE8BE4BD932C20E4BBBFE5AE8B5F4742323331322C20E5AE8BE4BD933B20666F6E742D73697A653A20323070783B20666F6E742D7765696768743A20626F6C643B206261636B67726F756E642D636F6C6F723A20236663663264373B223EE6B890E6B890E68EA5E8BF91EFBC8CE58FAFE4BBA5E79C8BE6B885E982A3E9878CE69C89E58D8AE688AAE5B7A8E5A4A7E79A84E69EAFE69CA8EFBC8CE6A091E5B9B2E79BB4E5BE84E8B6B3E69C89E58D81E587A0E7B1B3EFBC8CE9809AE4BD93E784A6E9BB91E38082E999A4E58DB4E58D8AE688AAE4B8BBE5B9B2E5A496EFBC8CE5AE83E58FAAE589A9E4B88BE4BA86E4B880E69DA1E69F94E5BCB1E79A84E69E9DE69DA1EFBC8CE4BD86E58DB4E59CA8E695A3E58F91E79D80E7949FE69CBAEFBC8CE69E9DE58FB6E699B6E88EB9E5A682E7BBBFE78E89E588BBE68890EFBC8CE782B9E782B9E69F94E5928CE79A84E58589E689A9E695A3EFBC8CE5B086E4B880E4B8AAE69D91E5AD90E7ACBCE7BDA9E380823C2F703E0D0A3C70207374796C653D22636F6C6F723A20233437333632343B20666F6E742D66616D696C793A20E5AE8BE4BD932C20E4BBBFE5AE8B5F4742323331322C20E5AE8BE4BD933B20666F6E742D73697A653A20323070783B20666F6E742D7765696768743A20626F6C643B206261636B67726F756E642D636F6C6F723A20236663663264373B223E266E6273703B3C2F703E, '2018-03-23 16:25:29', NULL, '0', 0);
INSERT INTO `t_chapter` VALUES (12, 4, '序章 大荒', 1, 0x3C70207374796C653D22636F6C6F723A20233437333632343B20666F6E742D66616D696C793A20E5AE8BE4BD932C20E4BBBFE5AE8B5F4742323331322C20E5AE8BE4BD933B20666F6E742D73697A653A20323070783B20666F6E742D7765696768743A20626F6C643B206261636B67726F756E642D636F6C6F723A20236663663264373B223EE5A49CE5B7B2E6B7B1EFBC8CE6BC86E9BB91E4B880E78987EFBC8CE699AFE789A9E4B88DE58FAFE8A781E38082E4BD86E5B1B1E4B8ADE5B9B6E4B88DE5AE81E99D99EFBC8CE78C9BE585BDE59286E593AEEFBC8CE99C87E58AA8E5B1B1E6B2B3EFBC8CE4B887E69CA8E69187E9A2A4EFBC8CE4B9B1E58FB6E7B08CE7B08CE59DA0E890BDE380823C2F703E0D0A3C70207374796C653D22636F6C6F723A20233437333632343B20666F6E742D66616D696C793A20E5AE8BE4BD932C20E4BBBFE5AE8B5F4742323331322C20E5AE8BE4BD933B20666F6E742D73697A653A20323070783B20666F6E742D7765696768743A20626F6C643B206261636B67726F756E642D636F6C6F723A20236663663264373B223EE7BEA4E5B1B1E4B887E5A391E997B4EFBC8CE6B4AAE88D92E78C9BE585BDE6A8AAE8A18CEFBC8CE5A4AAE58FA4E98197E7A78DE587BAE6B2A1EFBC8CE59084E7A78DE58FAFE68095E79A84E5A3B0E99FB3E59CA8E9BB91E69A97E4B8ADE6ADA4E8B5B7E5BDBCE4BC8FEFBC8CE79BB4E6ACB2E8A382E5BC80E8BF99E5A4A9E59CB0E380823C2F703E0D0A3C70207374796C653D22636F6C6F723A20233437333632343B20666F6E742D66616D696C793A20E5AE8BE4BD932C20E4BBBFE5AE8B5F4742323331322C20E5AE8BE4BD933B20666F6E742D73697A653A20323070783B20666F6E742D7765696768743A20626F6C643B206261636B67726F756E642D636F6C6F723A20236663663264373B223EE5B1B1E88489E4B8ADEFBC8CE8BF9CE8BF9CE69C9BE58EBBE69C89E4B880E59BA2E69F94E5928CE79A84E58589E99A90E78EB0EFBC8CE59CA8E8BF99E9BB91E69A97E697A0E5B0BDE79A84E5A49CE5B995E4B88BE4B88EE4B887E5B1B1E997B4E78AB9E5A682E4B880E782B9E7839BE781ABE59CA8E69187E69BB3EFBC8CE99A8FE697B6E4BC9AE78684E781ADE380823C2F703E0D0A3C70207374796C653D22636F6C6F723A20233437333632343B20666F6E742D66616D696C793A20E5AE8BE4BD932C20E4BBBFE5AE8B5F4742323331322C20E5AE8BE4BD933B20666F6E742D73697A653A20323070783B20666F6E742D7765696768743A20626F6C643B206261636B67726F756E642D636F6C6F723A20236663663264373B223EE6B890E6B890E68EA5E8BF91EFBC8CE58FAFE4BBA5E79C8BE6B885E982A3E9878CE69C89E58D8AE688AAE5B7A8E5A4A7E79A84E69EAFE69CA8EFBC8CE6A091E5B9B2E79BB4E5BE84E8B6B3E69C89E58D81E587A0E7B1B3EFBC8CE9809AE4BD93E784A6E9BB91E38082E999A4E58DB4E58D8AE688AAE4B8BBE5B9B2E5A496EFBC8CE5AE83E58FAAE589A9E4B88BE4BA86E4B880E69DA1E69F94E5BCB1E79A84E69E9DE69DA1EFBC8CE4BD86E58DB4E59CA8E695A3E58F91E79D80E7949FE69CBAEFBC8CE69E9DE58FB6E699B6E88EB9E5A682E7BBBFE78E89E588BBE68890EFBC8CE782B9E782B9E69F94E5928CE79A84E58589E689A9E695A3EFBC8CE5B086E4B880E4B8AAE69D91E5AD90E7ACBCE7BDA9E380823C2F703E0D0A3C70207374796C653D22636F6C6F723A20233437333632343B20666F6E742D66616D696C793A20E5AE8BE4BD932C20E4BBBFE5AE8B5F4742323331322C20E5AE8BE4BD933B20666F6E742D73697A653A20323070783B20666F6E742D7765696768743A20626F6C643B206261636B67726F756E642D636F6C6F723A20236663663264373B223EE7A1AEE58887E79A84E8AFB4EFBC8CE8BF99E698AFE4B880E6A0AAE99BB7E587BBE69CA8EFBC8CE59CA8E5BE88E5A49AE5B9B4E5898DE69BBEE7BB8FE981ADE98187E8BF87E9809AE5A4A9E79A84E997AAE794B5EFBC8CE88081E69FB3E6A091E5B7A8E5A4A7E79A84E6A091E586A0E4B88EE697BAE79B9BE79A84E7949FE69CBAE8A2ABE691A7E6AF81E4BA86E38082E5A682E4BB8AE59CB0E8A1A8E4B88AE58FAAE589A9E4B88B2A2AE7B1B3E9AB98E79A84E4B880E6AEB5E6A091E6A1A9EFBC8CE7B297E79A84E6838AE4BABAEFBC8CE8808CE982A3E4BB85E69C89E79A84E4B880E69DA1E69FB3E69E9DE5A682E7BBBFE99C9EE7A59EE993BEE888ACEFBC8CE58589E69995E5BCA5E6BCABEFBC8CE7ACBCE7BDA9E4B88EE5AE88E68AA4E4BD8FE4BA86E695B4E4B8AAE69D91E5AD90EFBC8CE4BBA4E8BF99E78987E6A096E5B185E59CB0E69CA6E69CA6E883A7E883A7EFBC8CE78AB9E88BA5E4B880E78987E4BB99E4B9A1EFBC8CE59CA8E8BF99E5A4A7E88D92E4B8ADE698BEE5BE97E5BE88E7A59EE7A798E380823C2F703E0D0A3C70207374796C653D22636F6C6F723A20233437333632343B20666F6E742D66616D696C793A20E5AE8BE4BD932C20E4BBBFE5AE8B5F4742323331322C20E5AE8BE4BD933B20666F6E742D73697A653A20323070783B20666F6E742D7765696768743A20626F6C643B206261636B67726F756E642D636F6C6F723A20236663663264373B223EE69D91E4B8ADE59084E688B7E983BDE698AFE79FB3E5B18BEFBC8CE5A49CE6B7B1E4BABAE99D99EFBC8CE8BF99E9878CE7A5A5E5928CE8808CE5AE89E8B0A7EFBC8CE5838FE698AFE4B88EE5A496E7958CE79A84E9BB91E69A97E8BF98E69C89E585BDE590BCE99A94E7BB9DE4BA86E380823C2F703E0D0A3C70207374796C653D22636F6C6F723A20233437333632343B20666F6E742D66616D696C793A20E5AE8BE4BD932C20E4BBBFE5AE8B5F4742323331322C20E5AE8BE4BD933B20666F6E742D73697A653A20323070783B20666F6E742D7765696768743A20626F6C643B206261636B67726F756E642D636F6C6F723A20236663663264373B223E266C6471756F3BE5919C2668656C6C69703B2668656C6C69703B26726471756F3B3C2F703E0D0A3C70207374796C653D22636F6C6F723A20233437333632343B20666F6E742D66616D696C793A20E5AE8BE4BD932C20E4BBBFE5AE8B5F4742323331322C20E5AE8BE4BD933B20666F6E742D73697A653A20323070783B20666F6E742D7765696768743A20626F6C643B206261636B67726F756E642D636F6C6F723A20236663663264373B223EE4B880E998B5E78B82E9A38EE590B9E8BF87EFBC8CE4B880E78987E5B7A8E5A4A7E79A84E4B98CE4BA91E6A8AAE7A9BAEFBC8CE981AEE4BD8FE4BA86E695B4E78987E5A49CE7A9BAEFBC8CE68CA1E4BD8FE4BA86E982A3E4BB85E69C89E79A84E4B880E782B9E6989FE58D8EEFBC8CE5B1B1E88489E4B8ADE69BB4E58AA0E9BB91E69A97E4BA86E380823C2F703E0D0A3C70207374796C653D22636F6C6F723A20233437333632343B20666F6E742D66616D696C793A20E5AE8BE4BD932C20E4BBBFE5AE8B5F4742323331322C20E5AE8BE4BD933B20666F6E742D73697A653A20323070783B20666F6E742D7765696768743A20626F6C643B206261636B67726F756E642D636F6C6F723A20236663663264373B223EE4B880E5A3B0E587B6E688BEE79A84E7A6BDE9B8A3E887AAE9AB98E5A4A9E4BCA0E69DA5EFBC8CE7A9BFE98791E8A382E79FB3EFBC8CE7AB9FE6BA90E887AAE982A3E78987E4B98CE4BA91EFBC8CE7BB86E79C8BE5AE83E5B185E784B6E698AFE4B880E58FAAE5BA9EE5A4A7E588B0E4B88DE58FAFE6809DE8AEAEE79A84E5B7A8E9B89FEFBC8CE981AEE5A4A9E894BDE69C88EFBC8CE995BFE4B99FE4B88DE79FA5E5A49AE5B091E9878CE380823C2F703E0D0A3C70207374796C653D22636F6C6F723A20233437333632343B20666F6E742D66616D696C793A20E5AE8BE4BD932C20E4BBBFE5AE8B5F4742323331322C20E5AE8BE4BD933B20666F6E742D73697A653A20323070783B20666F6E742D7765696768743A20626F6C643B206261636B67726F756E642D636F6C6F723A20236663663264373B223EE8B7AFE8BF87E79FB3E69D91EFBC8CE5AE83E4BFAFE8A786E4B88BE696B9EFBC8CE4B8A4E58FAAE79CBCE79D9BE5AE9BE88BA5E4B8A4E8BDAEE8A180E69C88E888ACEFBC8CE587B6E6B094E6BB94E5A4A9EFBC8CE79BAFE79D80E88081E69FB3E69CA8E79C8BE4BA86E78987E588BBEFBC8CE69C80E7BB88E9A39EE59091E4BA86E5B1B1E88489E69C80E6B7B1E5A484E380823C2F703E0D0A3C70207374796C653D22636F6C6F723A20233437333632343B20666F6E742D66616D696C793A20E5AE8BE4BD932C20E4BBBFE5AE8B5F4742323331322C20E5AE8BE4BD933B20666F6E742D73697A653A20323070783B20666F6E742D7765696768743A20626F6C643B206261636B67726F756E642D636F6C6F723A20236663663264373B223EE5B9B3E99D99E4BA86E5BE88E995BFE4B880E6AEB5E697B6E997B4EFBC8CE79BB4E588B0E5908EE58D8AE5A49CEFBC8CE5A4A7E59CB0E9A2A4E58AA8E4BA86E8B5B7E69DA5EFBC8CE4B880E69DA1E6A8A1E7B38AE79A84E8BAABE5BDB1E4BB8EE8BF9CE696B9E8B5B0E69DA5EFBC8CE7AB9FE4B88EE7BEA4E5B1B1E9BD90E9AB98EFBC813C2F703E0D0A3C70207374796C653D22636F6C6F723A20233437333632343B20666F6E742D66616D696C793A20E5AE8BE4BD932C20E4BBBFE5AE8B5F4742323331322C20E5AE8BE4BD933B20666F6E742D73697A653A20323070783B20666F6E742D7765696768743A20626F6C643B206261636B67726F756E642D636F6C6F723A20236663663264373B223E266E6273703B3C2F703E0D0A3C70207374796C653D22636F6C6F723A20233437333632343B20666F6E742D66616D696C793A20E5AE8BE4BD932C20E4BBBFE5AE8B5F4742323331322C20E5AE8BE4BD933B20666F6E742D73697A653A20323070783B20666F6E742D7765696768743A20626F6C643B206261636B67726F756E642D636F6C6F723A20236663663264373B223E266E6273703B3C2F703E, '2018-03-23 16:25:26', NULL, '0', 0);
INSERT INTO `t_chapter` VALUES (13, 4, '第一章 朝气蓬勃', 2, 0x3C703E3C7370616E207374796C653D22666F6E742D73697A653A20313170783B223EE5898DE99DA2E8BF98E69C89E4B880E4B8AAE5BA8FE7ABA0EFBC8CE5A4A7E5AEB6E4B88DE8A681E6BC8FE79C8BE380823C2F7370616E3E3C2F703E0D0A3C703E3C7370616E207374796C653D22666F6E742D73697A653A20313170783B223EE79FB3E69D91EFBC8CE4BD8DE4BA8EE88B8DE88EBDE5B1B1E88489E4B8ADEFBC8CE59B9BE591A8E9AB98E5B3B0E5A4A7E5A391EFBC8CE88CABE88CABE7BEA4E5B1B1E5B78DE5B3A8E380823C2F7370616E3E3C2F703E0D0A3C703E3C7370616E207374796C653D22666F6E742D73697A653A20313170783B223E266E6273703B3C2F7370616E3E3C2F703E0D0A3C703E3C7370616E207374796C653D22666F6E742D73697A653A20313170783B223EE6B885E699A8EFBC8CE69C9DE99C9EE781BFE781BFEFBC8CE4BBBFE88BA5E7A28EE98791E4B880E888ACE6B492E890BDEFBC8CE6B290E6B5B4E59CA8E4BABAE8BAABE4B88AE69A96E6B48BE6B48BE380823C2F7370616E3E3C2F703E0D0A3C703E3C7370616E207374796C653D22666F6E742D73697A653A20313170783B223E266E6273703B3C2F7370616E3E3C2F703E0D0A3C703E3C7370616E207374796C653D22666F6E742D73697A653A20313170783B223EE4B880E7BEA4E5ADA9E5AD90EFBC8CE4BB8EE59B9BE4BA94E5B281E588B0E58D81E587A0E5B281E4B88DE7AD89EFBC8CE883BDE69C89E695B0E58D81E4BABAEFBC8CE59CA8E69D91E5898DE79A84E7A9BAE59CB0E4B88AE8BF8EE79D80E69C9DE99C9EEFBC8CE6ADA3E59CA8E593BCE59388E69C89E5A3B0E79A84E994BBE782BCE4BD93E9AD84E38082E4B880E5BCA0E5BCA0E7A89AE5ABA9E79A84E5B08FE884B8E6BBA1E698AFE8AEA4E79C9FE4B98BE889B2EFBC8CE5A4A7E4B880E4BA9BE79A84E5ADA9E5AD90E8998EE8998EE7949FE9A38EEFBC8CE5B08FE4B880E4BA9BE79A84E4B99FE6AF94E58892E79A84E69C89E6A8A1E69C89E6A0B7E380823C2F7370616E3E3C2F703E0D0A3C703E3C7370616E207374796C653D22666F6E742D73697A653A20313170783B223E266E6273703B3C2F7370616E3E3C2F703E0D0A3C703E3C7370616E207374796C653D22666F6E742D73697A653A20313170783B223EE4B880E4B8AAE8828CE4BD93E5BCBAE581A5E5A682E8998EE8B1B9E79A84E4B8ADE5B9B4E794B7E5AD90EFBC8CE7A9BFE79D80E585BDE79AAEE8A1A3EFBC8CE79AAEE882A4E59188E58FA4E9939CE889B2EFBC8CE9BB91E58F91E68AABE695A3EFBC8CE782AFE782AFE69C89E7A59EE79A84E79CBCE79CB8E689ABE8BF87E6AF8FE4B880E4B8AAE5ADA9E5AD90EFBC8CE6ADA3E59CA8E8AEA4E79C9FE68C87E782B9E4BB96E4BBACE380823C2F7370616E3E3C2F703E0D0A3C703E3C7370616E207374796C653D22666F6E742D73697A653A20313170783B223E266E6273703B3C2F7370616E3E3C2F703E0D0A3C703E3C7370616E207374796C653D22666F6E742D73697A653A20313170783B223E266C6471756F3BE5A4AAE998B3E5889DE58D87EFBC8CE4B887E789A9E5889DE5A78BEFBC8CE7949FE4B98BE6B094E69C80E79B9BEFBC8CE899BDE4B88DE883BDE5A682E4BCA0E8AFB4E4B8ADE982A3E888ACE9A490E99C9EE9A39FE6B094EFBC8CE4BD86E8BF99E6A0B7E8BF8EE99C9EE994BBE4BD93E887AAE4B99FE69C89E88EABE5A4A7E5A5BDE5A484EFBC8CE58FAFE58585E79B88E4BABAE4BD93E7949FE69CBAE38082E4B880E5A4A9E4B98BE8AEA1E59CA8E4BA8EE699A8EFBC8CE6AF8FE697A5E697A9E8B5B7E5A49AE794A8E58A9FEFBC8CE5BCBAE7AD8BE5A3AEE9AAA8EFBC8CE6B4BBE8A180E782BCE7AD8BEFBC8CE5B086E69DA5E6898DE883BDE59CA8E8BF99E88B8DE88EBDE5B1B1E88489E4B8ADE69C89E6B4BBE591BDE79A84E69CACE992B1E3808226726471756F3BE7AB99E59CA8E5898DE696B9E38081E68C87E782B9E4B880E7BEA4E5ADA9E5AD90E79A84E4B8ADE5B9B4E794B7E5AD90E4B880E884B8E4B8A5E88283EFBC8CE8AEA4E79C9FE5918AE8AFABEFBC8CE8808CE5908EE58F88E5969DE98193EFBC9A266C6471756F3BE4BDA0E4BBACE6988EE799BDE59097EFBC9F26726471756F3B3C2F7370616E3E3C2F703E0D0A3C703E3C7370616E207374796C653D22666F6E742D73697A653A20313170783B223E266E6273703B3C2F7370616E3E3C2F703E0D0A3C703E3C7370616E207374796C653D22666F6E742D73697A653A20313170783B223E266C6471756F3BE6988EE799BDEFBC8126726471756F3BE4B880E7BEA4E5ADA9E5AD90E4B8ADE6B094E58D81E8B6B3EFBC8CE5A4A7E5A3B0E59B9EE5BA94E380823C2F7370616E3E3C2F703E0D0A3C703E3C7370616E207374796C653D22666F6E742D73697A653A20313170783B223E266E6273703B3C2F7370616E3E3C2F703E0D0A3C703E3C7370616E207374796C653D22666F6E742D73697A653A20313170783B223EE5B1B1E4B8ADE5A49AE58FB2E5898DE7949FE789A9E587BAE6B2A1EFBC8CE697B6E69C89E981AEE894BDE5A4A9E7A9BAE4B98BE5B7A8E7BFBCE6A8AAE8BF87EFBC8CE59CA8E59CB0E4B88AE68A95E4B88BE5A4A7E78987E79A84E998B4E5BDB1EFBC8CE4BAA6E69C89E88D92E585BDE7AB8BE4BA8EE5B3B0E4B88AEFBC8CE5909EE69C88E8808CE595B8EFBC8CE69BB4E5B091E4B88DE4BA86E59084E7A78DE6AF92E899ABE4BC8FE8A18CEFBC8CE5BC82E5B8B8E58FAFE68096E380823C2F7370616E3E3C2F703E0D0A3C703E3C7370616E207374796C653D22666F6E742D73697A653A20313170783B223E266E6273703B3C2F7370616E3E3C2F703E0D0A3C703E3C7370616E207374796C653D22666F6E742D73697A653A20313170783B223E266C6471756F3BE6988EE799BDE59180E3808226726471756F3BE4B880E4B8AAE6988EE698BEE8B5B0E7A59EE38081E685A2E4BA86E58D8AE68B8DE79A84E5B08FE5AEB6E4BC99E5A5B6E5A3B0E5A5B6E6B094E79A84E58FABE98193E380823C2F7370616E3E3C2F703E0D0A3C703E3C7370616E207374796C653D22666F6E742D73697A653A20313170783B223E266E6273703B3C2F7370616E3E3C2F703E0D0A3C703E3C7370616E207374796C653D22666F6E742D73697A653A20313170783B223EE8BF99E698AFE4B880E4B8AAE5BE88E5B08FE79A84E5ADA9E5AD90EFBC8CE58FAAE69C89E4B880E4B8A4E5B281E79A84E6A0B7E5AD90EFBC8CE5889AE5ADA6E4BC9AE8B5B0E8B7AFE6B2A1E587A0E4B8AAE69C88EFBC8CE4B99FE59CA8E8B79FE79D80E994BBE782BCE4BD93E9AD84E38082E698BEE784B6EFBC8CE4BB96E698AFE887AAE5B7B1E58791E8BF87E69DA5E79A84EFBC8CE6B7B7E59CA8E4BA86E5B9B4E995BFE79A84E5ADA9E5AD90E4B8ADEFBC8CE58886E6988EE8BF98E4B88DE5BA94E8AFA5E587BAE78EB0E59CA8E8BF99E4B8AAE9989FE4BC8DE9878CE380823C2F7370616E3E3C2F703E0D0A3C703E3C7370616E207374796C653D22666F6E742D73697A653A20313170783B223E266E6273703B3C2F7370616E3E3C2F703E0D0A3C703E3C7370616E207374796C653D22666F6E742D73697A653A20313170783B223E266C6471756F3BE593BCE593BCE59388E598BFEFBC8126726471756F3BE5B08FE5AEB6E4BC99E58FA3E4B8ADE58F91E5A3B0EFBC8CE5ABA9E5ABA9E79A84E5B08FE6898BE88782E58D96E58A9BE79A84E68CA5E58AA8E79D80EFBC8CE69588E4BBBFE5A4A7E5ADA9E5AD90E4BBACE79A84E58AA8E4BD9CEFBC8CE58FAFE698AFE4BB96E5A4AAE8BF87E5B9BCE5B08FEFBC8CE58AA8E4BD9CE6ADAAE6ADAAE689ADE689ADEFBC8CE4B894E6ADA5E5B1A5E8B992E8B79AEFBC8CE69187E69187E69186E69186EFBC8CE5868DE58AA0E4B88AE598B4E8A792E997B4E6AE8BE79599E79A84E799BDE889B2E5A5B6E6B88DEFBC8CE5BC95E4BABAE58F91E7AC91E380823C2F7370616E3E3C2F703E0D0A3C703E3C7370616E207374796C653D22666F6E742D73697A653A20313170783B223E266E6273703B3C2F7370616E3E3C2F703E0D0A3C703E3C7370616E207374796C653D22666F6E742D73697A653A20313170783B223EE4B880E7BEA4E5A4A7E5ADA9E5AD90E79C8BE79D80E4BB96EFBC8CE79A86E68CA4E79C89E5BC84E79CBCEFBC8CE8AEA9E58E9FE69CACE4B8A5E88283E79A84E699A8E7BB83E6B094E6B09BE8BDBBE7BC93E4BA86E4B88DE5B091E380823C2F7370616E3E3C2F703E0D0A3C703E3C7370616E207374796C653D22666F6E742D73697A653A20313170783B223E266E6273703B3C2F7370616E3E3C2F703E0D0A3C703E3C7370616E207374796C653D22666F6E742D73697A653A20313170783B223EE5B08FE4B88DE782B9E995BFE79A84E5BE88E799BDE5ABA9E4B88EE6BC82E4BAAEEFBC8CE5A4A7E79CBCE79D9BE4B98CE6BA9CE6BA9CE79A84E8BDACE58AA8EFBC8CE695B4E4B8AAE4BABAE5838FE698AFE4B8AAE799BDE793B7E5A883E5A883EFBC8CE5BE88E58FAFE788B1EFBC8CE7A89AE5ABA9E79A84E58AA8E4BD9CEFBC8CE58FA3E4B8ADE592BFE592BFE59180E59180EFBC8CE686A8E68081E58FAFE68EACE38082E8BF99E8AEA9E58FA6E4B880E78987E59CBAE59CB0E4B8ADE79B98E59D90E59CA8E4B880E59D97E59D97E5B7A8E79FB3E4B88AE6ADA3E59CA8E5909EE59090E5A4A9E7B2BEE79A84E4B880E4BA9BE88081E4BABAE4B99FE983BDE99CB2E587BAE7AC91E5AEB9E380823C2F7370616E3E3C2F703E0D0A3C703E3C7370616E207374796C653D22666F6E742D73697A653A20313170783B223E266E6273703B3C2F7370616E3E3C2F703E0D0A3C703E3C7370616E207374796C653D22666F6E742D73697A653A20313170783B223EE5B0B1E698AFE982A3E4BA9BE8BAABE69D90E9AB98E5A4A7E9AD81E6A2A7E38081E4B88AE58D8AE8BAAB2A2AE38081E8828CE885B1E58589E4BAAEE5B9B6E99A86E8B5B7E79A84E68890E5B9B4E794B7E5AD90E4BBACEFBC8CE4B99FE983BDE69C9BE4BA86E8BF87E69DA5EFBC8CE5B8A6E79D80E7AC91E6848FE38082E4BB96E4BBACE698AFE69D91E4B8ADE69C80E5BCBAE5A3AEE79A84E4BABAEFBC8CE698AFE78BA9E78C8EE4B88EE5AE88E68AA4E8BF99E4B8AAE69D91E890BDE79A84E69C80E9878DE8A681E58A9BE9878FEFBC8CE4B99FE983BDE59CA8E994BBE4BD93EFBC8CE69C89E4BABAE68FA1E79D80E4B88DE79FA5E5908DE79A84E5B7A8E585BDE9AAA8E9AABCE68993E7A3A8E8808CE68890E79A84E799BDE9AAA8E5A4A7E6A392EFBC8CE4B99FE69C89E4BABAE68C81E79D80E9BB91E889B2E98791E5B19EE993B8E68890E79A84E99894E58991EFBC8CE794A8E58A9BE8889EE58AA8EFBC8CE9A38EE5A3B0E5A682E99BB7E380823C2F7370616E3E3C2F703E0D0A3C703E3C7370616E207374796C653D22666F6E742D73697A653A20313170783B223E266E6273703B3C2F7370616E3E3C2F703E0D0A3C703E3C7370616E207374796C653D22666F6E742D73697A653A20313170783B223EE7949FE5AD98E78EAFE5A283E69E81E585B6E681B6E58AA3EFBC8CE5A49AE6B4AAE88D92E78C9BE585BDE6AF92E899ABEFBC8CE4B8BAE4BA86E9A39FE789A9EFBC8CE4B8BAE4BA86E7949FE5AD98EFBC8CE5BE88E5A49AE794B7E5AD90E8BF98E69CAAE68890E5B9B4E5B0B1E8BF87E697A9E5A4ADE68A98E59CA8E4BA86E5A4A7E88D92E4B8ADEFBC8CE683B3E8A681E6B4BBE4B88BE58EBBEFBC8CE594AFE69C89E5BCBAE5A3AEE5B7B1E8BAABE38082E6B885E699A8E794A8E58A9FEFBC8CE697A0E8AEBAE698AFE68890E5B9B4E4BABAEFBC8CE4BAA6E68896E698AFE88081E4BABAE4B88EE5ADA9E5AD90EFBC8CE8BF99E698AFE6AF8FE4B880E4B8AAE4BABAE887AAE5B9BCE5B0B1E5B7B2E585BBE68890E79A84E4B9A0E683AFE380823C2F7370616E3E3C2F703E0D0A3C703E3C7370616E207374796C653D22666F6E742D73697A653A20313170783B223E266E6273703B3C2F7370616E3E3C2F703E0D0A3C703E3C7370616E207374796C653D22666F6E742D73697A653A20313170783B223E266C6471756F3BE694B6E5BF83EFBC8126726471756F3BE8B49FE8B4A3E79DA3E4BF83E4B88EE68C87E5AFBCE5ADA9E5AD90E7BB83E58A9FE79A84E4B8ADE5B9B4E794B7E5AD90E5A4A7E5A3B0E5968AE98193E38082E4B880E7BEA4E5ADA9E5AD90E8B5B6E7B4A7E8AEA4E79C9FE4BA86E8B5B7E69DA5EFBC8CE7BBA7E7BBADE59CA8E69F94E5928CE4B88EE781BFE78382E79A84E69C9DE99C9EE4B8ADE994BBE782BCE380823C2F7370616E3E3C2F703E0D0A3C703E3C7370616E207374796C653D22666F6E742D73697A653A20313170783B223E266E6273703B3C2F7370616E3E3C2F703E0D0A3C703E3C7370616E207374796C653D22666F6E742D73697A653A20313170783B223E266C6471756F3BE591BC2668656C6C69703B2668656C6C69703BE592BFE59180EFBC8CE7B4AFE4BA86E3808226726471756F3BE5B08FE4B88DE782B9E995BFE587BAE4BA86E4B880E58FA3E6B094EFBC8CE4B880E5B181E5A2A9E584BFE59D90E59CA8E4BA86E59CB0E4B88AEFBC8CE79C8BE79D80E5A4A7E5ADA9E5AD90E4BBACE994BBE782BCE4BD93E9AD84E38082E58FAFE4BB85E4B880E4BC9AE584BFE5B7A5E5A4ABE4BB96E5B0B1E8A2ABE58886E695A3E4BA86E6B3A8E6848FE58A9BEFBC8CE7AB99E8B5B7E8BAABE69DA5EFBC8CE69187E69187E69186E69186EFBC8CE586B2E59091E4B88DE8BF9CE5A484E4B880E58FAAE6ADA3E59CA8E8B9A6E8B9A6E8B7B3E8B7B3E79A84E4BA94E889B2E99B80EFBC8CE7BB93E69E9CE7A395E7A395E7BB8AE7BB8AEFBC8CE8BF9EE69194E4BA86E587A0E4B8AAE5B181E5A2A9E584BFEFBC8CE58092E4B99FE4B88DE593ADEFBC8CE6B094E591BCE591BCEFBC8CE593BCE593BCE594A7E594A7E788ACE8B5B7E69DA5E5868DE8BFBDE380823C2F7370616E3E3C2F703E0D0A3C703E3C7370616E207374796C653D22666F6E742D73697A653A20313170783B223E266E6273703B3C2F7370616E3E3C2F703E0D0A3C703E3C7370616E207374796C653D22666F6E742D73697A653A20313170783B223E266C6471756F3BE5A5BDE4BA86EFBC8CE694B6E58A9FEFBC8126726471756F3B3C2F7370616E3E3C2F703E0D0A3C703E3C7370616E207374796C653D22666F6E742D73697A653A20313170783B223E266E6273703B3C2F7370616E3E3C2F703E0D0A3C703E3C7370616E207374796C653D22666F6E742D73697A653A20313170783B223EE99A8FE79D80E4B880E5A3B0E5A4A7E5969DEFBC8CE68980E69C89E5ADA9E5AD90E983BDE4B880E998B5E6ACA2E591BCEFBC8CE68F89E4BA86E68F89E985B8E796BCE79A84E6898BE8849AEFBC8CE8808CE5908EE4B880E59384E8808CE695A3EFBC8CE586B2E59091E59084E887AAE79A84E5AEB6E4B8ADEFBC8CE58786E5A487E59083E697A9E9A5ADE380823C2F7370616E3E3C2F703E0D0A3C703E3C7370616E207374796C653D22666F6E742D73697A653A20313170783B223E266E6273703B3C2F7370616E3E3C2F703E0D0A3C703E3C7370616E207374796C653D22666F6E742D73697A653A20313170783B223EE88081E4BABAE4BBACE983BDE7AC91E4BA86EFBC8CE887AAE5B7A8E79FB3E4B88AE8B5B7E8BAABE38082E8808CE982A3E4BA9BE8BAABE69D90E581A5E5A3AEE5A682E8998EE79A84E68890E5B9B4E4BABAE58899E698AFE4B880E998B5E7AC91E9AA82EFBC8CE695B0E890BDE79D80E887AAE5B7B1E79A84E5ADA9E5AD90EFBC8CE68B8EE79D80E9AAA8E6A392E4B88EE99894E58991E4B99FE5BFABE6ADA5E59091E887AAE5AEB6E4B8ADE8B5B0E58EBBE380823C2F7370616E3E3C2F703E0D0A3C703E3C7370616E207374796C653D22666F6E742D73697A653A20313170783B223E266E6273703B3C2F7370616E3E3C2F703E0D0A3C703E3C7370616E207374796C653D22666F6E742D73697A653A20313170783B223EE79FB3E69D91E4B88DE698AFE5BE88E5A4A7EFBC8CE794B7E5A5B3E88081E5B091E58AA0E8B5B7E69DA5E883BDE69C89E4B889E799BEE5A49AE4BABAEFBC8CE5B18BE5AD90E983BDE698AFE5B7A8E79FB3E7A08CE68890E79A84EFBC8CE7AE80E69CB4E8808CE887AAE784B6E380823C2F7370616E3E3C2F703E0D0A3C703E3C7370616E207374796C653D22666F6E742D73697A653A20313170783B223E266E6273703B3C2F7370616E3E3C2F703E0D0A3C703E3C7370616E207374796C653D22666F6E742D73697A653A20313170783B223EE59CA8E69D91E5A4B4E69C89E4B880E688AAE5B7A8E5A4A7E79A84E99BB7E587BBE69CA8EFBC8CE79BB4E5BE84E58D81E587A0E7B1B3EFBC8CE6ADA4E697B6E4B8BBE5B9B2E4B88AE594AFE4B880E79A84E69FB3E69DA1E5B7B2E7BB8FE59CA8E69C9DE99C9EE4B8ADE68EA9E58EBBE4BA86E88EB9E58589EFBC8CE58F98E5BE97E699AEE699AEE9809AE9809AE4BA86E380823C2F7370616E3E3C2F703E0D0A3C703E3C7370616E207374796C653D22666F6E742D73697A653A20313170783B223E266E6273703B3C2F7370616E3E3C2F703E0D0A3C703E3C7370616E207374796C653D22666F6E742D73697A653A20313170783B223E266C6471756F3BE599A2EFBC8CE5B185E784B6E69C89E59C9FE9BE99E88289EFBC8CE7BB99E68891E4B880E59D97EFBC8126726471756F3B3C2F7370616E3E3C2F703E0D0A3C703E3C7370616E207374796C653D22666F6E742D73697A653A20313170783B223E266E6273703B3C2F7370616E3E3C2F703E0D0A3C703E3C7370616E207374796C653D22666F6E742D73697A653A20313170783B223EE8BF99E4BA9BE5ADA9E5AD90E983BDE5BE88E6B4BBE6B3BCE4B88EE5A5BDE58AA8EFBC8CE58DB3E4BEBFE59083E9A5ADE697B6E4B99FE983BDE4B88DE5A4AAE88081E5AE9EEFBC8CE4B88DE5B091E4BABAE68AB1E79D80E999B6E7A297E4BB8EE887AAE5AEB6E587BAE69DA5EFBC8CE58791E588B0E4BA86E4B880E8B5B7E380823C2F7370616E3E3C2F703E0D0A3C703E3C7370616E207374796C653D22666F6E742D73697A653A20313170783B223E266E6273703B3C2F7370616E3E3C2F703E0D0A3C703E3C7370616E207374796C653D22666F6E742D73697A653A20313170783B223EE79FB3E69D91E591A8E59BB4E88D89E69CA8E4B8B0E88C82EFBC8CE78C9BE585BDE4BC97E5A49AEFBC8CE58FAFE5AE88E79D80E5A4A7E5B1B1EFBC8CE69D91E4BABAE79A84E9A39FE789A9E79BB8E5AFB9E69DA5E8AFB4E58DB4E7AE97E4B88DE4B88AE4B8B0E79B9BEFBC8CE58FAAE698AFE4B880E4BA9BE7B297E9BAA6E9A5BCE38081E9878EE69E9CE4BBA5E58F8AE5ADA9E5AD90E4BBACE7A297E4B8ADE5B091E9878FE79A84E88289E9A39FE380823C2F7370616E3E3C2F703E0D0A3C703E3C7370616E207374796C653D22666F6E742D73697A653A20313170783B223E266E6273703B3C2F7370616E3E3C2F703E0D0A3C703E3C7370616E207374796C653D22666F6E742D73697A653A20313170783B223EE4BA8BE5AE9EE4B88AEFBC8CE9A39FE789A9E4B88DE58585E8A395E5AFB9E4BA8EE79FB3E69D91E69DA5E8AFB4E4B880E79BB4E698AFE4B880E4B8AAE5BE88E4B8A5E9878DE79A84E997AEE9A298E38082E5B1B1E88489E4B8ADE58D81E58886E58DB1E999A9EFBC8CE982A3E4BA9BE5BC82E585BDE587B6E7A6BDE8BF87E4BA8EE5BCBAE5A4A7E4B88EE68190E68096EFBC8CE6AF8FE4B880E6ACA1E58EBBE78BA9E78C8EE983BDE58FAFE883BDE4BC9AE69C89E4BABAE4B8A2E68E89E680A7E591BDE380823C2F7370616E3E3C2F703E0D0A3C703E3C7370616E207374796C653D22666F6E742D73697A653A20313170783B223E266E6273703B3C2F7370616E3E3C2F703E0D0A3C703E3C7370616E207374796C653D22666F6E742D73697A653A20313170783B223EE5A682E69E9CE69C89E98089E68BA9EFBC8CE69D91E4BABAE698AFE4B88DE684BFE8BF9BE5B1B1E79A84E38082E59BA0E4B8BAE8BF9BE5B1B1E5B0B1E6848FE591B3E79D80E58FAFE883BDE4BC9AE69C89E6B581E8A180E4B88EE789BAE789B2E380823C2F7370616E3E3C2F703E0D0A3C703E3C7370616E207374796C653D22666F6E742D73697A653A20313170783B223E266E6273703B3C2F7370616E3E3C2F703E0D0A3C703E3C7370616E207374796C653D22666F6E742D73697A653A20313170783B223EE9A39FE789A9E5AFB9E4BA8EE4BB96E4BBACE69DA5E8AFB4E99D9EE5B8B8E5AE9DE8B4B5EFBC8CE5AEB9E4B88DE5BE97E6B5AAE8B4B9EFBC8CE6AF8FE4B880E4B8AAE5ADA9E5AD90E4BB8EE5B08FE5B0B1E68782E5BE97E8BF99E4B880E782B9EFBC8CE9A5A5E9A5BFE38081E9A39FE789A9E38081E78BA9E78C8EE38081E680A7E591BDE38081E9B29CE8A180E8BF99E4BA9BE698AFE79BB8E8BF9EE79A84E380823C2F7370616E3E3C2F703E0D0A3C703E3C7370616E207374796C653D22666F6E742D73697A653A20313170783B223E266E6273703B3C2F7370616E3E3C2F703E0D0A3C703E3C7370616E207374796C653D22666F6E742D73697A653A20313170783B223EE69D91E5A4B4E698AFE88081E6978FE995BFE79FB3E4BA91E5B3B0E79A84E999A2E890BDEFBC8CE794B1E5B7A8E79FB3E5A086E7A08CE8808CE68890EFBC8CE7B4A7E68CA8E79D80E784A6E9BB91E8808CE5B7A8E5A4A7E79A84E69FB3E69CA8E38082E999A2E58685E79A84E781B6E58FB0E5898DEFBC8CE999B6E7BD90E58685E799BDE889B2E6B181E6B6B2E6B2B8E885BEEFBC8CE5A5B6E9A699E68991E9BCBBEFBC8CE4BB96E6ADA3E59CA8E786ACE785AEE585BDE5A5B6EFBC8CE6ADA4E5A496E4B88DE697B6E5B086E4B880E4BA9BE88DAFE88D89E7AD89E68A95E694BEE8BF9BE58EBBEFBC8CE4BBA5E69CA8E58BBAE685A2E685A2E69085E58AA8E380823C2F7370616E3E3C2F703E0D0A3C703E3C7370616E207374796C653D22666F6E742D73697A653A20313170783B223E266E6273703B3C2F7370616E3E3C2F703E0D0A3C703E3C7370616E207374796C653D22666F6E742D73697A653A20313170783B223EE4B88DE5A49AE697B6EFBC8CE88081E4BABAE5968AE98193EFBC9A266C6471756F3BE5B08FE4B88DE782B9EFBC8CE8BF87E69DA5E59083E4B89CE8A5BFE3808226726471756F3B3C2F7370616E3E3C2F703E0D0A3C703E3C7370616E207374796C653D22666F6E742D73697A653A20313170783B223E266E6273703B3C2F7370616E3E3C2F703E0D0A3C703E3C7370616E207374796C653D22666F6E742D73697A653A20313170783B223EE5B08FE4B88DE782B9E59CA8E58D8AE5B281E697B6E5B0B1E5A4B1E58EBBE4BA86E788B6E6AF8DEFBC8CE698AFE59083E799BEE585BDE5A5B6E995BFE5A4A7E79A84EFBC8CE8808CE4BB8AE5B7B2E7BB8FE4B880E5B281E99BB6E587A0E4B8AAE69C88E4BA86EFBC8CE88BA5E698AFE5AFBBE5B8B8E79A84E5ADA9E5AD90E697A9E8AFA5E696ADE5A5B6E4BA86EFBC8CE8808CE4BB96E58DB4E4BE9DE697A7E59083E79A84E5BE88E9A699E7949CEFBC8CE4B88DE882AFE696ADE68E89EFBC8CE5B8B8E8A2ABE5A4A7E4B880E4BA9BE79A84E5ADA9E5AD90E58F96E7AC91E380823C2F7370616E3E3C2F703E0D0A3C703E3C7370616E207374796C653D22666F6E742D73697A653A20313170783B223E266E6273703B3C2F7370616E3E3C2F703E0D0A3C703E3C7370616E207374796C653D22666F6E742D73697A653A20313170783B223E266C6471756F3BE592BFE59180EFBC8CE591BC2668656C6C69703B2668656C6C69703BE8B791E4B88DE58AA8E4BA86E3808226726471756F3BE4BB96E4B880E79BB4E59CA8E994B2E8808CE4B88DE8888DE59CB0E8BFBDE982A3E58FAAE4BA94E889B2E99B80EFBC8CE697A9E5B7B2E6B094E59698E59081E59081EFBC8CE6ADA4E697B6E4B880E5B181E882A1E59D90E59CA8E4BA86E59CB0E4B88AE380823C2F7370616E3E3C2F703E0D0A3C703E3C7370616E207374796C653D22666F6E742D73697A653A20313170783B223E266E6273703B3C2F7370616E3E3C2F703E0D0A3C703E3C7370616E207374796C653D22666F6E742D73697A653A20313170783B223E266C6471756F3BE5B08FE4B88DE782B9E59083E5A5B6E596BDEFBC8126726471756F3BE4B880E7BEA4E5A4A7E5ADA9E5AD90E8B5B7E59384E380823C2F7370616E3E3C2F703E0D0A3C703E3C7370616E207374796C653D22666F6E742D73697A653A20313170783B223E266E6273703B3C2F7370616E3E3C2F703E0D0A3C703E3C7370616E207374796C653D22666F6E742D73697A653A20313170783B223E266C6471756F3BE4BDA0E4BBACE8BF99E7BEA4E5B08FE79AAEE78CB4E5AD90EFBC8CE8BF98E4B88DE983BDE698AFE4BB8EE4BB96E8BF99E4B8AAE5B9B4E9BE84E8BF87E69DA5E79A84E3808226726471756F3BE88081E6978FE995BFE7AC91E9AA82E98193E380823C2F7370616E3E3C2F703E0D0A3C703E3C7370616E207374796C653D22666F6E742D73697A653A20313170783B223E266E6273703B3C2F7370616E3E3C2F703E0D0A3C703E3C7370616E207374796C653D22666F6E742D73697A653A20313170783B223E266C6471756F3BE68891E4BBACE58FAFE6B2A1E69C89E59CA8E4B880E5B281E58D8AE697B6E8BF98E59CA8E59083E5A5B6EFBC8CE598BFE598BFE3808226726471756F3B3C2F7370616E3E3C2F703E0D0A3C703E3C7370616E207374796C653D22666F6E742D73697A653A20313170783B223E266E6273703B3C2F7370616E3E3C2F703E0D0A3C703E3C7370616E207374796C653D22666F6E742D73697A653A20313170783B223EE99DA2E5AFB9E5A4A7E5ADA9E5AD90E79A84E58F96E7AC91EFBC8CE5B08FE4B88DE782B9E686A8E686A8E79A84E7AC91E79D80EFBC8CE9BB91E4BAAEE79A84E5A4A7E79CBCE79CAFE68890E4BA86E69C88E78999E78AB6EFBC8CE6AFABE4B88DE59CA8E4B98EEFBC8CE59D90E59CA8E999B6E7BD90E5898DE794A8E69CA8E58BBAE88880E5A5B6EFBC8CE59083E79A84E5BE88E9A699E7949CE380823C2F7370616E3E3C2F703E0D0A3C703E3C7370616E207374796C653D22666F6E742D73697A653A20313170783B223E266E6273703B3C2F7370616E3E3C2F703E0D0A3C703E3C7370616E207374796C653D22666F6E742D73697A653A20313170783B223EE697A9E9A5ADE8BF87E5908EEFBC8CE69D91E4B8ADE587A0E5908DE5B9B4E5B281E5BE88E5A4A7E79A84E88081E4BABAE4B880E8B5B7E69DA5E588B0E6978FE995BFE79FB3E4BA91E5B3B0E79A84E999A2E5AD90E4B8ADEFBC8CE899BDE784B6E697A9E5B7B2E9A1BBE58F91E79A86E799BDEFBC8CE4BD86E7B2BEE6B094E7A59EE983BDE8BF98E5BE88E8B6B3E380823C2F7370616E3E3C2F703E0D0A3C703E3C7370616E207374796C653D22666F6E742D73697A653A20313170783B223E266E6273703B3C2F7370616E3E3C2F703E0D0A3C703E3C7370616E207374796C653D22666F6E742D73697A653A20313170783B223E266C6471756F3BE69C80E8BF91E4B88DE5A4AAE5AFB9E58AB2E5958AEFBC8CE6B7B1E5A49CE680BBE698AFE69C89E5A4A7E5AEB6E4BC99E8B7AFE8BF87EFBC8CE58AA8E99D99E5AE9EE59CA8E5A4AAE5A4A7E4BA86EFBC8CE8BF99E5B1B1E88489E6B7B1E5A484E4B880E5AE9AE58F91E7949FE4BA86E4BB80E4B988E3808226726471756F3B3C2F7370616E3E3C2F703E0D0A3C703E3C7370616E207374796C653D22666F6E742D73697A653A20313170783B223E266E6273703B3C2F7370616E3E3C2F703E0D0A3C703E3C7370616E207374796C653D22666F6E742D73697A653A20313170783B223E266C6471756F3BE59494EFBC8CE698A8E5A4A9E5A49CE9878CE68891E8A2ABE6838AE98692E4BA86E587A0E6ACA1EFBC8CE79AAEE9AAA8E58F91E5AF92EFBC8CE4B880E5AE9AE698AFE69C89E4BB80E4B988E6B4AAE88D92E587B6E585BDE4B88EE5A4A7E899ABE4BB8EE8BF99E9878CE8B7AFE8BF87E3808226726471756F3B3C2F7370616E3E3C2F703E0D0A3C703E3C7370616E207374796C653D22666F6E742D73697A653A20313170783B223E266E6273703B3C2F7370616E3E3C2F703E0D0A3C703E3C7370616E207374796C653D22666F6E742D73697A653A20313170783B223EE587A0E5908DE88081E4BABAE58588E5908EE5BC80E58FA3EFBC8CE4BB96E4BBACE68896E8B999E79C89E68896E6B7B1E6809DEFBC8CE8AEA8E8AEBAE69C80E8BF91E79A84E4B880E4BA9BE58DB1E999A9E5BE81E58586EFBC8CE8A789E5BE97E69C89E4B88DE5908CE5AFBBE5B8B8E79A84E4BA8BE68385E58F91E7949FE4BA86E380823C2F7370616E3E3C2F703E0D0A3C703E3C7370616E207374796C653D22666F6E742D73697A653A20313170783B223E266E6273703B3C2F7370616E3E3C2F703E0D0A3C703E3C7370616E207374796C653D22666F6E742D73697A653A20313170783B223E266C6471756F3BE68891E8A789E5BE97E8BF99E5A4A7E88D92E6B7B1E5A484E58FAFE883BDE587BAE4BA86E4BA86E4B88DE5BE97E79A84E4B89CE8A5BFEFBC8CE5BC95E8B5B7E4BA86E591A8E59BB4E59CB0E59F9FE4B880E4BA9BE5A4AAE58FA4E98197E7A78DE79A84E6B3A8E6848FEFBC8CE7BAB7E7BAB7E8B5B6E8BF87E58EBBE4BA86E3808226726471756F3BE88081E6978FE995BFE79FB3E4BA91E5B3B0E6809DE5BF96E5908EE8AFB4E98193E380823C2F7370616E3E3C2F703E0D0A3C703E3C7370616E207374796C653D22666F6E742D73697A653A20313170783B223E266E6273703B3C2F7370616E3E3C2F703E0D0A3C703E3C7370616E207374796C653D22666F6E742D73697A653A20313170783B223E266C6471756F3BE8AFA5E4B88DE4BC9AE698AFE587BAE4BA86E5B1B1E5AE9DE590A7EFBC9F26726471756F3BE4B880E4B8AAE88081E4BABAE9A1BFE697B6E79EAAE59C86E4BA86E79CBCE79D9BEFBC8CE9A1BBE58F91E79A86E5BCA0EFBC8CE99CB2E587BAE6838AE5AEB9E380823C2F7370616E3E3C2F703E0D0A3C703E3C7370616E207374796C653D22666F6E742D73697A653A20313170783B223E266E6273703B3C2F7370616E3E3C2F703E0D0A3C703E3C7370616E207374796C653D22666F6E742D73697A653A20313170783B223EE585B6E4BB96E4BABAE4B99FE983BDE99CB2E587BAE5BC82E889B2EFBC8CE79CBCE7A59EE781ABE783ADEFBC8CE4BD86E5BE88E5BFABE58F88E983BDE78684E781ADE4BA86E79CB8E4B8ADE79A84E781ABE784B0EFBC8CE982A3E7A78DE4B89CE8A5BFE4B88DE698AFE4BB96E4BBACE883BDE5BE97E588B0E79A84EFBC8CE8BF9CE59CA8E5B1B1E88489E69C80E6B7B1E5A484EFBC8CE6B2A1E4BABAE8BF9BE79A84E58EBBE380823C2F7370616E3E3C2F703E0D0A3C703E3C7370616E207374796C653D22666F6E742D73697A653A20313170783B223E266E6273703B3C2F7370616E3E3C2F703E0D0A3C703E3C7370616E207374796C653D22666F6E742D73697A653A20313170783B223EE8BF99E4B988E5A49AE5B9B4E69DA5E4BB8EE69CAAE69C89E4BABAE883BDE6B4BBE79D80E8BF9BE587BAE4B880E8B69FEFBC8CE5B1B1E4B8ADE59084E7A78DE5BCBAE6A8AAE789A9E7A78DE587BAE6B2A1EFBC8CE58DB3E4BEBFE79FB3E69D91E68980E69C89E4BABAE9BD90E997AFEFBC8CE4B99FE8BF9EE4B880E69CB5E6B5AAE88AB1E983BDE4B88DE4BC9AE6B39BE8B5B7E380823C2F7370616E3E3C2F703E0D0A3C703E3C7370616E207374796C653D22666F6E742D73697A653A20313170783B223E266E6273703B3C2F7370616E3E3C2F703E0D0A3C703E3C7370616E207374796C653D22666F6E742D73697A653A20313170783B223E266C6471756F3BE6978FE995BFEFBC8CE68891E4BBACE5B7B2E7BB8FE69C89E4BA9BE697A5E5AD90E6B2A1E69C89E8BF9BE5B1B1E4BA86E3808226726471756F3BE5B0B1E59CA8E8BF99E697B6EFBC8CE4B880E4B8AAE99B84E5A3AEE79A84E68890E5B9B4E794B7E5AD90E8B5B0E8BF9BE999A2E4B8ADEFBC8CE4BB96E698AFE78BA9E78C8EE9989FE4BC8DE79A84E5A4B4E9A286EFBC8CE4B99FE5B086E698AFE79FB3E69D91E79A84E4B88BE4BBBBE6978FE995BFE380823C2F7370616E3E3C2F703E0D0A3C703E3C7370616E207374796C653D22666F6E742D73697A653A20313170783B223E266E6273703B3C2F7370616E3E3C2F703E0D0A3C703E3C7370616E207374796C653D22666F6E742D73697A653A20313170783B223E266C6471756F3BE69C80E8BF91E69C89E4BA9BE4B88DE5A4AAE5B9B3E5958AE3808226726471756F3BE88081E6978FE995BFE79FB3E4BA91E5B3B0E79AB1E79C89E380823C2F7370616E3E3C2F703E0D0A3C703E3C7370616E207374796C653D22666F6E742D73697A653A20313170783B223E266E6273703B3C2F7370616E3E3C2F703E0D0A3C703E3C7370616E207374796C653D22666F6E742D73697A653A20313170783B223E266C6471756F3BE58FAFE698AFE9A39FE789A9E79C9FE79A84E4B88DE5A49AE4BA86E3808226726471756F3BE79FB3E69E97E8998EE98193EFBC8CE4BB96E8BAABE69D90E69E81E4B8BAE9AB98E5A4A7EFBC8CE4B8A4E7B1B3E69C89E4BD99EFBC8CE8838CE79D80E4B880E58FA3E4B889E799BEE4BD99E696A4E79A84E99894E58991EFBC8CE695B4E4B8AAE4BABAE5A3AEE79A84E5A682E5908CE4B880E5A4B4E4BABAE7868AEFBC8CE6B591E8BAABE58FA4E9939CE889B2E79A84E8828CE88289E4B880E59D97E59D97EFBC8CE5A682E4B880E69DA1E69DA1E89B87E89F92E59CA8E6B8B8E58AA8E380823C2F7370616E3E3C2F703E0D0A3C703E3C7370616E207374796C653D22666F6E742D73697A653A20313170783B223E266E6273703B3C2F7370616E3E3C2F703E0D0A3C703E3C7370616E207374796C653D22666F6E742D73697A653A20313170783B223E266C6471756F3BE5A883E5AD90E4BBACE99C80E8A681E995BFE8BAABE4BD93EFBC8CE4B88DE883BDE9A5BFE79D80EFBC8CE5BE97E683B3E4BA9BE58A9EE6B395E3808226726471756F3BE69C89E88081E4BABAE5BC80E58FA3E380823C2F7370616E3E3C2F703E0D0A3C703E3C7370616E207374796C653D22666F6E742D73697A653A20313170783B223E266E6273703B3C2F7370616E3E3C2F703E0D0A3C703E3C7370616E207374796C653D22666F6E742D73697A653A20313170783B223E266C6471756F3BE899BDE784B6E5A49CE9878CE4B88DE5B9B3E99D99EFBC8CE4BD86E799BDE5A4A9E58092E698AFE6B2A1E69C89E4BB80E4B988E5BC82E5B8B8EFBC8CE68891E5B8A6E4BA9BE4BABAE587BAE58EBBEFBC8CE5B08FE5BF83E4B880E782B9E5BA94E8AFA5E6B2A1E997AEE9A298E3808226726471756F3BE79FB3E69E97E8998EE98193E380823C2F7370616E3E3C2F703E0D0A3C703E3C7370616E207374796C653D22666F6E742D73697A653A20313170783B223E266E6273703B3C2F7370616E3E3C2F703E0D0A3C703E3C7370616E207374796C653D22666F6E742D73697A653A20313170783B223EE69C80E5908EEFBC8CE587A0E58D81E5908DE99D92E5A3AEE5B9B4E794B7E5AD90E59CA8E69D91E5A4B4E99B86E59088EFBC8CE794B1E6978FE995BFE79FB3E4BA91E5B3B0E5B8A6E79D80E69DA5E588B0E69781E8BEB9E79A84E99BB7E587BBE69CA8E5898DEFBC8CE5AFB9E79D80E88081E69FB3E6A091E8AEA4E79C9FE7A588E7A5B7E380823C2F7370616E3E3C2F703E0D0A3C703E3C7370616E207374796C653D22666F6E742D73697A653A20313170783B223E266E6273703B3C2F7370616E3E3C2F703E0D0A3C703E3C7370616E207374796C653D22666F6E742D73697A653A20313170783B223E266C6471756F3BE7A5ADE781B5EFBC8CE8AFB7E4BF9DE4BD91E6978FE4BABAEFBC8CE8AEA9E5ADA9E5AD90E4BBACE68993E588B0E882A5E7BE8EE79A84E78C8EE789A9EFBC8CE5B9B3E5AE89E5BD92E69DA5E38082E68891E4BBACE5B086E4BBA5E89994E8AF9AE79A84E5BF83EFBC8CE4B896E4BBA3E7A5ADE7A580E4B88EE4BE9BE585BBE4BDA0E3808226726471756F3B3C2F7370616E3E3C2F703E0D0A3C703E3C7370616E207374796C653D22666F6E742D73697A653A20313170783B223E266E6273703B3C2F7370616E3E3C2F703E0D0A3C703E3C7370616E207374796C653D22666F6E742D73697A653A20313170783B223EE5BC80E5A78BE4B88AE4BCA0E4BA86EFBC8CE6AF8FE4B880E4B8AAE782B9E587BBE38081E68EA8E88D90E38081E694B6E8978FE983BDE5AFB9E8BF99E69CACE696B0E4B9A6E5BE88E9878DE8A681EFBC8CE8AEA9E69CACE4B9A6E586B2E8B5B7EFBC8CE7A6BBE4B88DE5BC80E6AF8FE4B880E4BD8DE58584E5BC9FE5A790E5A6B9EFBC8CE99C80E8A681E5A4A7E5AEB6E79A84E694AFE68C81E38082E58FA6E5A496EFBC8CE4BB8AE5A4A9E6999AE4B88AE585ABE782B9E5A4A7E5AEB6E58FAFE4BBA5E69DA5E6ADAAE6ADAA32353739E78EA9EFBC8CE68891E4B99FE58EBBE38082E8BF98E69C89EFBC8CE8B0A2E8B0A2E9A398E7BAA2E4B88EE68993E8B58FE79A84E68980E69C89E58584E5BC9FE5A790E5A6B9EFBC81E380823C2F7370616E3E3C2F703E, '2018-05-25 21:30:20', NULL, '1', 9);
INSERT INTO `t_chapter` VALUES (14, 5, '测试敏感词汇', 1, 0x3C703EE8B5A4E8A3B83C2F703E, '2018-11-22 12:45:17', NULL, '1', 3);
COMMIT;

-- ----------------------------
-- Table structure for t_record
-- ----------------------------
DROP TABLE IF EXISTS `t_record`;
CREATE TABLE `t_record` (
  `id` int(11) NOT NULL AUTO_INCREMENT,
  `user_id` int(11) NOT NULL,
  `chapter_id` int(11) NOT NULL,
  `creatTime` datetime NOT NULL ON UPDATE CURRENT_TIMESTAMP,
  `book_id` int(11) NOT NULL,
  PRIMARY KEY (`id`)
) ENGINE=InnoDB AUTO_INCREMENT=9 DEFAULT CHARSET=utf8;

-- ----------------------------
-- Records of t_record
-- ----------------------------
BEGIN;
INSERT INTO `t_record` VALUES (1, 27, 14, '2018-05-24 23:09:11', 5);
INSERT INTO `t_record` VALUES (2, 27, 13, '2018-05-25 15:48:06', 4);
INSERT INTO `t_record` VALUES (3, 27, 14, '2018-05-25 16:22:20', 5);
INSERT INTO `t_record` VALUES (4, 27, 13, '2018-05-25 16:22:27', 4);
INSERT INTO `t_record` VALUES (5, 27, 13, '2018-05-25 21:26:47', 4);
INSERT INTO `t_record` VALUES (6, 27, 13, '2018-05-25 21:30:20', 4);
INSERT INTO `t_record` VALUES (7, 27, 9, '2018-05-25 21:46:37', 4);
INSERT INTO `t_record` VALUES (8, 27, 9, '2018-05-25 21:47:09', 4);
COMMIT;

-- ----------------------------
-- Table structure for t_record_copy1
-- ----------------------------
DROP TABLE IF EXISTS `t_record_copy1`;
CREATE TABLE `t_record_copy1` (
  `id` int(11) NOT NULL AUTO_INCREMENT,
  `user_id` int(11) NOT NULL,
  `chapter_id` int(11) NOT NULL,
  `creatTime` datetime NOT NULL ON UPDATE CURRENT_TIMESTAMP,
  `book_id` int(11) NOT NULL,
  PRIMARY KEY (`id`)
) ENGINE=InnoDB DEFAULT CHARSET=utf8;

-- ----------------------------
-- Table structure for t_user
-- ----------------------------
DROP TABLE IF EXISTS `t_user`;
CREATE TABLE `t_user` (
  `id` int(11) NOT NULL AUTO_INCREMENT,
  `login_name` varchar(32) DEFAULT NULL,
  `user_name` varchar(32) DEFAULT NULL,
  `password` varchar(32) DEFAULT NULL,
  `registTime` timestamp NULL DEFAULT NULL,
  `role` varchar(40) DEFAULT NULL,
  `headImg` varchar(200) DEFAULT NULL,
  `flag` varchar(40) DEFAULT '1',
  PRIMARY KEY (`id`)
) ENGINE=InnoDB AUTO_INCREMENT=29 DEFAULT CHARSET=utf8;

-- ----------------------------
-- Records of t_user
-- ----------------------------
BEGIN;
INSERT INTO `t_user` VALUES (1, '12334h', '管理员', '12334hh', '2018-03-20 13:43:47', 'admin', '/files/1521523371757.png', '0');
INSERT INTO `t_user` VALUES (2, 'author', '当家三少', '123', '2018-03-20 13:43:45', 'author', '/files/1521523796078.png', '1');
INSERT INTO `t_user` VALUES (16, 'author_yyjc', '幽夜荆棘', '123', '2018-03-23 16:15:39', 'author', '', '1');
INSERT INTO `t_user` VALUES (17, 'author2', '上官青云', '123', '2018-03-24 16:33:08', 'author', NULL, '1');
INSERT INTO `t_user` VALUES (18, 'author2', '上官青云', '123', '2018-03-24 16:33:32', 'author', NULL, '1');
INSERT INTO `t_user` VALUES (19, 'author2', '上官青云', '123', '2018-03-24 16:42:34', 'author', NULL, '1');
INSERT INTO `t_user` VALUES (20, 'author2', '上官青云', '123', '2018-03-24 16:44:54', 'author', NULL, '1');
INSERT INTO `t_user` VALUES (21, 'author3', '上官青云', '123', '2018-03-24 16:45:20', 'author', NULL, '1');
INSERT INTO `t_user` VALUES (22, 'author3', '伤感', '123', '2018-03-24 16:46:03', 'author', NULL, '1');
INSERT INTO `t_user` VALUES (23, 'author4', '1', '1', '2018-03-24 16:46:43', 'author', NULL, '1');
INSERT INTO `t_user` VALUES (24, 'auhtor5', 'admin222', '123', '2018-03-24 16:49:05', 'author', NULL, '1');
INSERT INTO `t_user` VALUES (25, '123456bn', '123wed', '123wed', '2018-03-24 21:32:40', 'member', NULL, '1');
INSERT INTO `t_user` VALUES (26, '123456q', '123456q', '123456q', '2018-03-24 21:44:56', 'author', NULL, '1');
INSERT INTO `t_user` VALUES (27, 'admin', '管理员', '123', '2018-03-24 22:02:39', 'admin', NULL, '1');
INSERT INTO `t_user` VALUES (28, '123a', '123a', '123a', '2018-04-12 20:02:27', 'author', NULL, '1');
COMMIT;

SET FOREIGN_KEY_CHECKS = 1;
